メンバー,レアリティ,カード名,リンク,入手時,特訓時,ライブ開始,スキル発動,スキル発動(クロスボイス),SP発動
藤島慈,DR,Prism Echo,https://wikiwiki.jp/llll_wiki/%EF%BC%BBPrism%20Echo%EF%BC%BD%E8%97%A4%E5%B3%B6%E6%85%88,……ん……うん……？……あなただぁれ……？え？旅人さん？わぁ、珍しい。外から人が来るなんて。よくここまでこれたね。……そっか、何かに導かれて……じゃあよっぽど会いたい子がいたのかな？ふふっ、いいよ、私が遊んであげる。私を見つけてくれたご褒美。あれ～？ひょっとして、どきどきしてる？ふふっ、おいで。,ふぁ～……もうこんな時間。ずいぶん暗くなっちゃったね。今日はすっごく楽しかったよ、つきあってくれてありがと。こんな村でしょ？刺激的なことも少ないから、毎日寝てばっかり。ま、そこも気に入ってるんだけどね。門番ちゃんも一生懸命頑張ってるし。私のお仕事は、頑張る子をよしよしする癒し係、みたいな？あ、キミもよしよししてもらいたそうにしてるね？ふふっ、いいよ。いっぱい頑張ったんだもんね。よしよし、よしよーし。……眠くなってきちゃった？このまま目を閉じていいよ。私がよしよししてあげるから。,世界樹は今日も平和なのだよ,ほーら、よしよし,慈「村長ちゃんてば、頑張り屋さん。」瑠璃乃「ちゃんとお仕事しようね、ね！」,癒し係だって、必要でしょ？
藤島慈,DR,Ether Aria,https://wikiwiki.jp/llll_wiki/%EF%BC%BBEther%20Aria%EF%BC%BD%E8%97%A4%E5%B3%B6%E6%85%88,おっはよー、マイエンジェル！もう寝坊助すぎだよー。私はキミがいなくてつまんなかったんだからねー。……夢見てた？えー、珍しい。何の夢見てたの？……「私たちがスクールアイドルをやってた」なにそれ。歌ったり踊ったりしてみんなを楽しませる……ってそれ私たち天使と一緒じゃん！なんだよー、もう。だったら夢の世界じゃなくて、こっちでいっぱい遊べばいいのに。ほらほら何する何する？何して遊ぶ？……え？「眠ってた間のお仕事の報告」……。……うーん……えっとね……。……まぁいいじゃんそういう話は！また後で！私の相方のくせに、どうしてそんなに真面目になっちゃったかなー。るりちゃんの影響かー？……ああもう！わかったてばー！先にお仕事、お仕事ね！,,マイエンジェル、レッツゴー！,相方ちゃん、頑張れ頑張れ♡,慈「天使ですわよ～」瑠璃乃「て、天使だぞ～！ガオー！！」姫芽「天使ですにゃ～ん！」,そんなに気に入った？ご主人様♡
藤島慈,LR,やっぱ天使！,https://wikiwiki.jp/llll_wiki/%EF%BC%BB%E3%82%84%E3%81%A3%E3%81%B1%E5%A4%A9%E4%BD%BF%EF%BC%81%EF%BC%BD%E8%97%A4%E5%B3%B6%E6%85%88,藤島慈、光の中から参上～！ハロめぐ～！どう、みんな元気してる？私はこの通り、過去最高のカワイイ偏差値、更新中だよ。今回はね、梢のソロ曲、綴理のソロ曲に加えて、私のソロ曲を初披露したんだけどどうだったかな？三者三様、って言うんでしょ？合ってるよね？うん、そう！みんなの個性がこれでもかと発揮されたソロ曲になったんじゃないかな？ま、みんなが一番好きなのは私の曲だって、もちろん分かってるけどね！,今までみんなに黙ってたことがあるんだ。私、本当はね……でけでけでけでけ……でん！愛の天使、めぐエルちゃんだったのです！…え、知ってた？配信で聞いたことがある？…あらあら、熱心なめぐ党さんですねえ～。いいこいいこ。私はね、この人間界に使命を持ってやって来たんだ。それは沢山の人たちに愛を伝えること。スクールアイドルクラブの三年間で、私の目標はすっごく達成された……と思ってたんだけどね。足りない足りない。まだまだ足りな～い！私を呼ぶその声が聞こえてくる限り、何度だってステージに舞い戻ってきちゃうからね♡嬉しい？幸せ？ふふっ、私もだよ♡なんたってめぐエルちゃんってば、ほら、やっぱ天使！だからね！,大きな声で、せ～のっ！め～ぐちゃ～ん♡,アンコール、いっくよ～！！,,推しさまのお出ましだ～い☆
藤島慈,LR,On your mark/102,https://wikiwiki.jp/llll_wiki/%EF%BC%BBOn%20your%20mark%EF%BC%8F102%EF%BC%BD%E8%97%A4%E5%B3%B6%E6%85%88,行くよ、あんたたち！伝説の幕上けだ～！102期生始まりの曲、私たち1年生の力を結集して作った『On your mark』はどうだった？最高？それとも最強？ふっふっふ、でしょでしょ～？いやー無事お披露目できてよかったよ。ほんとに大変だったんだから。てか見てよ。この曲とダンス。乙宗……ううん、梢と綴理と一緒に考えたんだけどさ、二人とも普段はめちゃめちゃコミュ力低いくせに、言いたいことはぜーんぶ曲にぶち込んできてるんだから。もっとちゃんと口でも言えっての！まったく、不器用なやつら！ふふっ。,私、わかっちゃったんだよね！めぐちゃんってただ可愛いだけじゃなくて、歌はまるで天使みたいで、ダンスもすごく上手でしょ？だったらもう、スクールアイドルやらないこと自体が世界にとって損失じゃない？って。まあ今はまだ始めたばっかりだけどさ、この調子でいけばもう最高で最強のスクールアイドルになっちゃうこと間違いなしだよね！今から推しておいた方がいいと思うよ～？そしたらだって、3年間余すところなく推せるんだから、さ！というわけで、ここで宣言しちゃうよ。こほん、私の夢は……「世界中を夢中にすること」！金沢とか石川とか、そんなのちっちゃいちっちゃい！私の野望は世界中だから！覚えててね！それじゃあみんな、ライブ、With×MEETS、そしてこれからも無敵の蓮ノ空女学院スクールアイドルクラブをよろしく～！ばいばーい☆,ほらほら、もうやるっきゃない！でしょ？,蓮ノ空に藤島慈あり、ってね！,慈「蓮ノ大三角、藤島慈で～す！」梢「大層な名前ね……」綴理「ボクは嬉しい。」,信じてるよ。私は私のことも、あんたたちのこともね！
藤島慈,BR,18th Birthday,https://wikiwiki.jp/llll_wiki/%EF%BC%BB18th%20Birthday%EF%BC%BD%E8%97%A4%E5%B3%B6%E6%85%88,藤島慈だよ。今日はね、ふふっ！国民の休日にするからね！というわけで、めぐ党のみんなー！ハピバめぐ～！世界一かわいい、めぐちゃんの18歳のお誕生日だよ～！ああすごい！大統領からもお祝いのメッセージが！まあ、来てないんだけど。でもそんな顔も名前も知らない人より、めぐ党さんからのお祝いの方がずっと、ずーっと、嬉しいもんねー！らーぶ！,昔々あるところに、藤島慈という、それはもう天使のように可愛い女の子がおりました。慈はお姫様のように、たくさんの人に愛されて育ちました。持ち前の知恵と勇気と可愛さを武器に、あっちでもこっちでも大活躍。日本一のタレントの座は、もう目の前でした。しかし、そんな慈の前に1人の魔女が現れました。魔女によって暗ーい蓮ノ空に囚われてしまった慈は、悲しみました。これじゃあ世界中を夢中になんてできないよ～！それでもめげず、慈は頑張ります。スクールアイドルクラブに入部し、歌にダンス、配信と、一生懸命頑張りました。そして今、再びこうして、慈はまたたくさんの人に愛されるようになったのです。……本当に、みんな私のことを見つけてくれて、ありがとうね。これから先、来年も……ううん、もっともっとその先まで、みんながずーっとお祝いしてくれるように、私は光の道を走り続けていくから。世界は、藤島慈に夢中に！これからも、目を離さないでね！,世界で一番めでたい日を、始めよう！,ロウソク消すよ？ふ～,,今日は一日中私のことだけ考えて？ね？
藤島慈,UR,365 Days,https://wikiwiki.jp/llll_wiki/%EF%BC%BB365%20Days%EF%BC%BD%E8%97%A4%E5%B3%B6%E6%85%88,いえーい！東京満喫中のめぐちゃんでーす！今日は友達と原宿にきてまーす。まぁ、東京はしょっちゅう来ているんだけどね。でも修学旅行って言うのはやっぱ一味違うかな？ん－、スカウトの人？だめだめ、また今度ね。めぐちゃん今プライベート中でーす！,,アンコール行くよ！みんなー！,全部出し切っちゃえー！,慈「今この瞬間を、永遠に！」梢「Bloom the dream！」,最高の夢を見せてあげるから！
藤島慈,UR,夏めきペイン,https://wikiwiki.jp/llll_wiki/%EF%BC%BB%E5%A4%8F%E3%82%81%E3%81%8D%E3%83%9A%E3%82%A4%E3%83%B3%EF%BC%BD%E8%97%A4%E5%B3%B6%E6%85%88,みんな、お待たせ！めぐちゃんのきゃわいいきゃわいい、水着ショットだよ！海も空も砂浜も、目に入らないでしょ？それでいーのっ！,,私たちの夏だー！,水着アピール♡,慈「白くて眩しくて！」瑠璃乃「私たちのステージだ！」,目を離さないでねっ
藤島慈,UR,PASSION!!!!!!,https://wikiwiki.jp/llll_wiki/%EF%BC%BBPASSION%21%21%21%21%21%21%EF%BC%BD%E8%97%A4%E5%B3%B6%E6%85%88,これがみらぱリーダーの実力だー！よりにもよって、ゲームセンターでるりちゃんの大好きなチャウチャウを見つけちゃったからね、全く。……ほんとに、どうしてこんなのが可愛いんだか……しょうがない、今日の記念に私がプレゼントしてあげよう！はい、どうぞ♪ そんなに喜んでもらえたら、頑張った甲斐があったねぇ。うん？名前？『めぐチャウ』って付ける……？それはー……ナシかな♪,,ほーら、おいで。一緒に涼も？,クラっとしちゃえー！,慈「さ、私の水着の感想を、どうぞ？」梢「可愛いと思うわよ……相変わらず。」,今年の夏も、写真に残していってね！
藤島慈,UR,アイデンティティ,https://wikiwiki.jp/llll_wiki/%EF%BC%BB%E3%82%A2%E3%82%A4%E3%83%87%E3%83%B3%E3%83%86%E3%82%A3%E3%83%86%E3%82%A3%EF%BC%BD%E8%97%A4%E5%B3%B6%E6%85%88,ほーら、頑張れ頑張れ。Fes×LIVEに向けての衣装作り、私は昔から小物作ったりするの好きだから、こういうのどう？って見せてみたんだけど。そしたらるりちゃんめっちゃ真剣になってさ。えへへっ、二人で何かできるのって、嬉しいな。,,キミも一緒に、叫ぶのだ！,やっぱ楽しく！,慈「まずは笑顔の、オーディション♪」瑠璃乃「うう～ん、優勝！」,笑っていこうねー！
藤島慈,UR,喫茶ハスノソラ,https://wikiwiki.jp/llll_wiki/%EF%BC%BB%E5%96%AB%E8%8C%B6%E3%83%8F%E3%82%B9%E3%83%8E%E3%82%BD%E3%83%A9%EF%BC%BD%E8%97%A4%E5%B3%B6%E6%85%88,笑って笑ってー？はい、フラワー！今日はねー、暇そうにしてた後輩を誘って、今、金沢一の映えスポットと呼ばれるカフェに来ていまーす！やっぱJKはトレンドを追っかけなくっちゃ！って、そんな喜んでくれる？よっしゃ、だったら次は私のとっておきに連れてってあげよう！,,はーい、一名様ごあんなーい！,ドキドキをどうぞ！,慈「さやかちゃん可愛いから時給アップ♪」さやか「そんなシステムありませんよね！？」,当店自慢のメニューは…私かな！
藤島慈,UR,DEEPNESS,https://wikiwiki.jp/llll_wiki/%EF%BC%BBDEEPNESS%EF%BC%BD%E8%97%A4%E5%B3%B6%E6%85%88,綴理～！この曲むずいんだけど～！ぐぬぬ...、聴いてる分にはいい曲じゃんって思ってたのに、実際自分でやるとなるとなかなかハード...。まぁやるんだけどね！やったろうじゃん！綴理たちの願いを叶えてあげるよ、この私が！『DEEPNESS』完成させるからね！,,そう、どこまでも熱く。…うん、行こう！,ふふっ、見惚れちゃいな？,慈「私にも似合うでしょ？」瑠璃乃「むしろサイコー！」,これが私の『DEEPNESS』
藤島慈,UR,ジョーショーキリュー,https://wikiwiki.jp/llll_wiki/%EF%BC%BB%E3%82%B8%E3%83%A7%E3%83%BC%E3%82%B7%E3%83%A7%E3%83%BC%E3%82%AD%E3%83%AA%E3%83%A5%E3%83%BC%EF%BC%BD%E8%97%A4%E5%B3%B6%E6%85%88,なぁに？ぼーっとして。もしかして、私に見とれちゃった？わかるよ、しょうがない。こんなにいい女と一緒なんて、緊張しちゃうもんね？秋の公園をぶらぶらお散歩デートもいいけど...。ねえ、これからどうする？てか、どうしたい？...あははっ、なーんてね！,,このまま征服したいね、世界！,漢字書けますけど！？「上昇気流」。,慈「つまりウチら最高で～？」瑠璃乃「最強ってこと！！イェーイ！」,また会おうね。ううん、私が会いに行っちゃう！
藤島慈,UR,冬のおくりもの,https://wikiwiki.jp/llll_wiki/%EF%BC%BB%E5%86%AC%E3%81%AE%E3%81%8A%E3%81%8F%E3%82%8A%E3%82%82%E3%81%AE%EF%BC%BD%E8%97%A4%E5%B3%B6%E6%85%88,沙知先輩トランプよわーい。蓮ノ空の上下関係って割と緩いんだけどさ、ただ、ランドリーだけは別。いつ行っても割と混んでるからなんとなくだけど先輩優先みたいな雰囲気があって。まあ私は気にしないんだけど、つづこずの二人は律儀だからねー。でもそんな時に沙知先輩がいると便利だったんだよ。懐かしいな。,,プレゼントは、わ・た・し、だよ♪,いい子にしてまーす。,慈「梢サンタさん、プレゼントちょーだい♪」梢「もう...後でね、慈。」,いっぱい愛が集まってきたよ！
藤島慈,UR,Secret Christmas,https://wikiwiki.jp/llll_wiki/%EF%BC%BBSecret%20Christmas%EF%BC%BD%E8%97%A4%E5%B3%B6%E6%85%88,あーあ、めぐ党さんのみんな、どうしてるかな…？ネット禁止令とか、ほんとサイアク。全部、これからだってのに…。いいや、諦めるつもりなんてないからね。何が何でも、私たちの歌を届けるんだから！待ってて、みんな！,,めぐちゃんがいれば、だいじょーぶ！,メリクリ～,慈「ほーら！もっときゅるるんって！」さやか「ハ、ハロさやー...！」,可愛い可愛い、サンタだよ？
藤島慈,UR,ハッピー至上主義！,https://wikiwiki.jp/llll_wiki/%EF%BC%BB%E3%83%8F%E3%83%83%E3%83%94%E3%83%BC%E8%87%B3%E4%B8%8A%E4%B8%BB%E7%BE%A9%EF%BC%81%EF%BC%BD%E8%97%A4%E5%B3%B6%E6%85%88,本日の天気は、晴れときどきチョコレート！みらぱのミッション、大成功！これすっごい楽しかったから、またやりたいなー。次は白とピンクのジェット機を借りて、世界中の空で！,,ハッピー極めちゃお！,天然だもーん。,慈「世界中を夢中...の前にるりちゃんを夢中に！」瑠璃乃「ルリはずっと、めぐちゃんに夢中だよ！」,花帆ちゃん、乗り込めー！
藤島慈,UR,KEY of Like！,https://wikiwiki.jp/llll_wiki/%EF%BC%BBKEY%20of%20Like%EF%BC%81%EF%BC%BD%E8%97%A4%E5%B3%B6%E6%85%88,ありがとう、ママ。……愛してるよ！私ね、この3年間、立ち止まったり回り道もしたけど。辛いことも、苦しいことも、悲しいことも、嫌なこともあったけど。全部全部、置き去りにしてここまで走ってこれたから。私の目にはもう、今は晴れ空しか見えないんだよ、ママ！,,行くよ、みんな～！世界中を、夢中に！,まだまだ声出せるでしょー！,慈「私の親友、夕霧綴理！」綴理「めぐ、ボクの親友！」,いつだってこの瞬間が、一番最高なんだから！
藤島慈,UR,全方位キュン♡,https://wikiwiki.jp/llll_wiki/%EF%BC%BB%E5%85%A8%E6%96%B9%E4%BD%8D%E3%82%AD%E3%83%A5%E3%83%B3%E2%99%A1%EF%BC%BD%E8%97%A4%E5%B3%B6%E6%85%88,キミがキュンキュンするものは、なあに？配信、ライブ、ゲーム、コスメ、そんで釣りも！ふふっ！ でもやっぱり、一番キュンキュンするのって、私たち？だよね！結局さ、何が最高って、出会えたこと。それっきゃないじゃん？つまりそういうこと。そういう歌ってこと！,,もう逃げ場はないぞ。覚悟しろー！,ズッキュン！それとも、バッキュン？,慈「後のことは、わかってるね！」姫芽「るりちゃんせんぱいの可愛さを、世界に～！」,投げキッスで仕留めて、あ・げ・る♡
藤島慈,UR,抱きしめる花びら,https://wikiwiki.jp/llll_wiki/%EF%BC%BB%E6%8A%B1%E3%81%8D%E3%81%97%E3%82%81%E3%82%8B%E8%8A%B1%E3%81%B3%E3%82%89%EF%BC%BD%E8%97%A4%E5%B3%B6%E6%85%88,藤島慈！一年生！タレントやってましたー！スクールアイドルってあんまり良く分かんないんですけどー、まぁ暇つぶしならやってもいいかなーって。あ、私の邪魔をしないならなんでもいいでーす！,,私たちからのラブレター、だよっ,泣いていいよ？先輩,慈「ありがとう。みんな同じ、でしょ」綴理「うん、ありがとう、めぐ」,行きなよ。未来が待ってるよ
藤島慈,UR,いつでも、いつまでも,https://wikiwiki.jp/llll_wiki/%EF%BC%BB%E3%81%84%E3%81%A4%E3%81%A7%E3%82%82%E3%80%81%E3%81%84%E3%81%A4%E3%81%BE%E3%81%A7%E3%82%82%EF%BC%BD%E8%97%A4%E5%B3%B6%E6%85%88,104期みらくらぱーく！、永久保存版！ はい、チーズ！いやー楽しかったなあー。遊園地もそうだけど、この1年間、ね。私がるりちゃんと組んでたユニットに、姫芽ちゃんが加わって、どんどん賑やかになって。おもちゃ箱をひっくり返したみたいに、毎日がお祭り騒ぎ。ほんっと、退屈な暇なんて、一秒もなくてさ。……さすがにね、後ろ髪引かれちゃうよ。でも、私が一番笑ってやんなきゃね。じゃないと笑えないでしょ？ あの子達が。世話が焼けるんだからね！ ほんとにね！,,それじゃあまた会おうね、必ずだよ！,夢を叶えに！,慈「ほーら、るりちゃん、姫芽ちゃん！」瑠璃乃「ぎゅぎゅっとくっついて！」姫芽「ふぁぁぁぁ～……！、はい、チーズ、です～……！」,ずっとずっと、愛してるからね！
藤島慈,UR,約束の舞踏会,https://wikiwiki.jp/llll_wiki/%EF%BC%BB%E7%B4%84%E6%9D%9F%E3%81%AE%E8%88%9E%E8%B8%8F%E4%BC%9A%EF%BC%BD%E8%97%A4%E5%B3%B6%E6%85%88,たまには私が、着せ替え人形？　んもう、言われなくたって大人しくしてますってば。二人がどんなふうにコーディネイトしてくれるのか興味あるし。でも、たまにはいいね、こういうのも。いっぱいお世話してもらって、まるでお姫様気分、ってやつ？,,プリンセスのステージだよ！,一緒に踊りましょう？,慈「私やっぱり...お姫様だったのかも！」梢「あの子達のおかげね。」綴理「ボクもお姫様だったー？」,とっても楽しい夜にしましょうね！
藤島慈,UR,久遠の銀河へ,https://wikiwiki.jp/llll_wiki/%EF%BC%BB%E4%B9%85%E9%81%A0%E3%81%AE%E9%8A%80%E6%B2%B3%E3%81%B8%EF%BC%BD%E8%97%A4%E5%B3%B6%E6%85%88,あの星を目指して、104期みらくらぱーく！、行こう！目指せ、ラブライブ！優勝！、ってね。スクールアイドルなんて、真面目にやるつもりなかったのに、いつの間にか私も、こんなところまで来ちゃった。三年間、なんだかあっという間だったなあ。それじゃ、あと少し。行こうよ、るりちゃん、姫芽ちゃん！ 私達で、世界中を夢中にさせちゃおう！,,蓮ノ大三角、藤島慈！ よろしくね！,めぐちゃんこそが、一番星！,慈「愛してるよ、親友！」綴理「ボクもだよ、めぐ」梢「私も……愛してる……わ」,世界のどこにいても、私を見つけてね！
藤島慈,UR,Dream Believers,https://wikiwiki.jp/llll_wiki/%EF%BC%BBDream%20Believers%EF%BC%BD%E8%97%A4%E5%B3%B6%E6%85%88,世界中のみんな、今日も一緒に、ハロめぐ～！レディースアンドジェントルマン！*1ここは私、藤島慈が園長を務める遊園地、みらくらぱーく！みんながいつだって胸弾む毎日を、お届けしちゃうよ！,,今日はめぐちゃんのスペシャルライブ！,みんなを夢中にさせてあげる！,慈「るりめぐオンステージ！」瑠璃乃「はっじまっるよー！」,私達のこと、いっぱい愛してね！
藤島慈,UR,ハクチューアラモード,https://wikiwiki.jp/llll_wiki/%EF%BC%BB%E3%83%8F%E3%82%AF%E3%83%81%E3%83%A5%E3%83%BC%E3%82%A2%E3%83%A9%E3%83%A2%E3%83%BC%E3%83%89%EF%BC%BD%E8%97%A4%E5%B3%B6%E6%85%88,ふっふっふ…私に食べられたい子はだーれ？ゆめかわお茶会の準備！じゅーんび♡こっちは私の好きなものー♪こっちはるりちゃんの好きなやつでー…。あ、こっちもるりちゃんの好きなやつだ！お、これもるりちゃんの…ん？バランスおかしいな。ま、いいや！,,恋の味、教えてあげる！,お味はいかが？,慈「世界で2番目に可愛いよ、るりちゃん♪」瑠璃乃「わぁーい！」,アラモードの意味は……なんか可愛い！
藤島慈,UR,ファンファーレ！！！,https://wikiwiki.jp/llll_wiki/%EF%BC%BB%E3%83%95%E3%82%A1%E3%83%B3%E3%83%95%E3%82%A1%E3%83%BC%E3%83%AC%EF%BC%81%EF%BC%81%EF%BC%81%EF%BC%BD%E8%97%A4%E5%B3%B6%E6%85%88,いい、いい。筋がいいぞよ～。コツコツ練習してて偉いね、姫芽ちゃん。みんなギター弾けるようになったら、そのうち弾き語りライブとかやってみたくない？ね、とりあえず金沢駅の前とかで！どう？...学校に見つかったら怒られる？ふふっ！それがロックって、ことでしょ？,,対戦よろしく～！,パーンチ！,慈「ん～...まっ！！」姫芽「あぁ！...さよーならぁ...」,いくよ！私の必殺技！
藤島慈,UR,Au Bord du Lac,https://wikiwiki.jp/llll_wiki/%EF%BC%BBAu%20Bord%20du%20Lac%EF%BC%BD%E8%97%A4%E5%B3%B6%E6%85%88,じゃあ綴理はー、あの一番大きく光る星で…そういえば梢から聞いたんだけど、春も夏も冬の大三角もさ、それを形作る星は、それぞれ別々の星と星座を作ってるんだって。蓮ノ大三角がスリーズブーケ、DOLLCHESTRA、みらくらぱーく！って星座を描いてるみたいに。なのにちゃんと繋がってるって、なんかいい話だよね。,,描こうか、私たちの星座を！,たまにはエレガントに。,,みらくらティータイムへ、ようこそ！
藤島慈,UR,ツバサ・ラ・リベルテ,https://wikiwiki.jp/llll_wiki/%EF%BC%BB%E3%83%84%E3%83%90%E3%82%B5%E3%83%BB%E3%83%A9%E3%83%BB%E3%83%AA%E3%83%99%E3%83%AB%E3%83%86%EF%BC%BD%E8%97%A4%E5%B3%B6%E6%85%88,私は自分が善人じゃないって知ってるわけ。綴理は何かと「めぐは良い人だ」「めぐはやさしい」言うけどさ、そんなことないっつーの。気分屋で、わがままで、自分勝手。それが私。だから、綴理の目に映る私がきれいなのは、そんなの、綴理の心がきれいなんだよ。あんたは本当に、そのままでいなさいよね。いつまでも、さ。,,天使の翼で、羽ばたくよ！,次のステージへ！,,私たちの輝きが、ほら、見える？
藤島慈,UR,蓮ノ空歌留多,https://wikiwiki.jp/llll_wiki/%EF%BC%BB%E8%93%AE%E3%83%8E%E7%A9%BA%E6%AD%8C%E7%95%99%E5%A4%9A%EF%BC%BD%E8%97%A4%E5%B3%B6%E6%85%88,あ、キミも来たんだ。寒いでしょ？あったまってこ？ふふっ、どうかしら、お着物姿の藤島さんは？そうなのよね～、わたくし、お上品な装いも似合ってしまいますの～。はあ～、困りましたわね～。,,今年の干支はめぐちゃん！私が決めた！,ハッピーニューめぐちゃーん！,,私からのお年玉、あ・げ・る☆
藤島慈,UR,おしえて♡ティーチャー,https://wikiwiki.jp/llll_wiki/%EF%BC%BB%E3%81%8A%E3%81%97%E3%81%88%E3%81%A6%E2%99%A1%E3%83%86%E3%82%A3%E3%83%BC%E3%83%81%E3%83%A3%E3%83%BC%EF%BC%BD%E8%97%A4%E5%B3%B6%E6%85%88,口が回るなーこんなときばっかり。てゆーかさー優等生？勉強が得意なんだったら私の代わりにテスト受けてよー？本当に好きならいくらでもできるでしょ？それがいやだってことは実はたいして好きじゃないってことなんだよ！私と同じじゃん！え、なに？こんな時ばかり口が回るわね？ぐぅ、今にみてろよー！,,先生と一緒に遊ぼ？,勉強なんてぽーい。,,悪いことも教えちゃうぞ？
藤島慈,UR,みらくりえーしょん,https://wikiwiki.jp/llll_wiki/%EF%BC%BB%E3%81%BF%E3%82%89%E3%81%8F%E3%82%8A%E3%81%88%E3%83%BC%E3%81%97%E3%82%87%E3%82%93%EF%BC%BD%E8%97%A4%E5%B3%B6%E6%85%88,はい、ポーズ！ がおー！見て見てー！ はい、かわいい。あざとー。皆さんよく似合ってますねー。ほらほら、次は吟子ちゃん真ん中で撮ろう？…え、恥ずかしいー？ 何言ってるの、かわいいの探求は、スクールアイドルとしての使命だよ！ 梢だってほら、あんなに。ぷぷぷ。……ごめん、何でもない！ よーし、だったら慣れるためにー、吟子ちゃん撮影会、あと300枚くらい、いっちゃいますか！,,見せてあ・げ・る♡,バンバン！,,UR藤島慈、だよ！
藤島慈,SR,Trick & Cute,https://wikiwiki.jp/llll_wiki/%EF%BC%BBTrick%20%EF%BC%86%20Cute%EF%BC%BD%E8%97%A4%E5%B3%B6%E6%85%88,,,,,,
藤島慈,SR,Link to the FUTURE,https://wikiwiki.jp/llll_wiki/%EF%BC%BBLink%20to%20the%20FUTURE%EF%BC%BD%E8%97%A4%E5%B3%B6%E6%85%88,うっ…うぇぇ…冬ってこんなに寒かったっけ…。ごめん、るりちゃん。ここは二人の思い出の徳光海岸じゃないよ。私こんなとこ知らない。ここじゃ、私はかわいさを保てないから…。ごめんね、るりちゃん。るりちゃんと過ごした時間、とっても楽しかったよ…。,,叶えようね、大ハッピーエンド！,ときめいちゃえ～。,,愛の結晶、受け取って！
藤島慈,SR,M's One Day,https://wikiwiki.jp/llll_wiki/%EF%BC%BBM%27s%20One%20Day%EF%BC%BD%E8%97%A4%E5%B3%B6%E6%85%88,スクールアイドルの新人さん、頑張ってね。真新しい衣装に身を包んで、どこか緊張した顔でステージに上がってさ。懐かしいよね。去年は私も周りからはこんな風に見られていたのかなぁ？,,今日のお相手はめぐにゃん！,にゃにゃーん♪,,魅力爆発にゃん！
藤島慈,SR,@いっつぁどりーみんわーるど！,https://wikiwiki.jp/llll_wiki/%EF%BC%BB%40%E3%81%84%E3%81%A3%E3%81%A4%E3%81%81%E3%81%A9%E3%82%8A%E3%83%BC%E3%81%BF%E3%82%93%E3%82%8F%E3%83%BC%E3%82%8B%E3%81%A9%EF%BC%81%EF%BC%BD%E8%97%A4%E5%B3%B6%E6%85%88,それじゃあまた、次の配信で。バイめぐ～！…梢と綴理、二人とも頑張って前に進んでいる。私はここで、いつまでも配信をしていくのかな。もしるりちゃんが帰ってきたら、私は…。,,私達の世界に、ご招待！,何が出るかな？,,一緒なら、空も飛べるはずだよ！
藤島慈,SR,世界中を夢中に,https://wikiwiki.jp/llll_wiki/%EF%BC%BB%E4%B8%96%E7%95%8C%E4%B8%AD%E3%82%92%E5%A4%A2%E4%B8%AD%E3%81%AB%EF%BC%BD%E8%97%A4%E5%B3%B6%E6%85%88,いけー！今なんだ！いけえええ！どうして、私があそこに立っていないんだろう…って、ステージで頑張るるりちゃんを見たら自然とね、足が動いてたんだ。,,スクールアイドルクラブ、愛しているぞ♡,走り出すとき…それは、今だよ！めぐちゃんダーッシュ！,,みんな、ただいまだよ！
藤島慈,SR,ゆのくにガールズ！,https://wikiwiki.jp/llll_wiki/%EF%BC%BB%E3%82%86%E3%81%AE%E3%81%8F%E3%81%AB%E3%82%AC%E3%83%BC%E3%83%AB%E3%82%BA%EF%BC%81%EF%BC%BD%E8%97%A4%E5%B3%B6%E6%85%88,えーと、加賀温泉郷と言えば……。なんとその歴史は1300年！数多くの歴史的な人物が足を運んだって言うんだから、すごいよねー。私たちのお肌もつるつるピカピカになっちゃって、歴史に名を残すような美人になっちゃうかもね！,,終わったら温泉行こう！,ほーら、いい気分！,,のぼせてきちゃったかな？
藤島慈,SR,宇宙演舞☆うさぴょん,https://wikiwiki.jp/llll_wiki/%EF%BC%BB%E5%AE%87%E5%AE%99%E6%BC%94%E8%88%9E%E2%98%86%E3%81%86%E3%81%95%E3%81%B4%E3%82%87%E3%82%93%EF%BC%BD%E8%97%A4%E5%B3%B6%E6%85%88,テロップのフォント、もうちょっと可愛くしたいなー。動画編集の楽しいところ？うーん、やっぱり、見てくれる人のことを考えてる時かな？これってつまり、推し活動なわけ。ほら、可愛いスクールアイドルの姿を見て！見て見て見て見てー！っていう私の叫びをね、いかにみんなに届けるかの勝負なんだよ！,,推しのライブが始まるよー！,ぴょんぴょーん！,,めぐぴょんと一緒に、踊るぴょん！
藤島慈,SR,コットン=ユートピア,https://wikiwiki.jp/llll_wiki/%EF%BC%BB%E3%82%B3%E3%83%83%E3%83%88%E3%83%B3%3D%E3%83%A6%E3%83%BC%E3%83%88%E3%83%94%E3%82%A2%EF%BC%BD%E8%97%A4%E5%B3%B6%E6%85%88,おいち～♡おいちおいち～♡ハロめぐー！今日は蓮ノ空の食堂を紹介しちゃうね！メニューはかな～り充実してて毎日色んなご飯が楽しめるんだー。その中でもめぐちゃんのイチオシはこちら！じゃじゃーん、卵かけごはん♡はん～、しあわへ～♡,,ライブの後は、夢の中で会おうね！,えへへ、楽しいねー！,,大好きなキミのために、頑張る！
藤島慈,SR,節分 -艶-,https://wikiwiki.jp/llll_wiki/%EF%BC%BB%E7%AF%80%E5%88%86%20-%E8%89%B6-%EF%BC%BD%E8%97%A4%E5%B3%B6%E6%85%88,みらくらぱーく！解散だ～！ふんだ、るりちゃんのことなんてもう知らないし！これからは一人で髪乾かせばいいじゃん！お膝だって貸してあげないんだからね！,,大人のめぐちゃん、登場だよ？,あらあら、すてきね？,,新しい魅力、教えてあげる。
藤島慈,SR,yours ever,https://wikiwiki.jp/llll_wiki/%EF%BC%BByours%20ever%EF%BC%BD%E8%97%A4%E5%B3%B6%E6%85%88,この靴ね、私のオキニ！昔ね、同じメーカーのを、るりちゃんがくれたんだよ！それで、今も使い続けてて。……え？いやいや、重いとかじゃなくて。履き心地が気に入っているだけだってばー！,,幼馴染パワー、見せてあげる！,るりめぐアピール！,,るりちゃんの隣は、ずーっと私だからね！
藤島慈,SR,プチパティシエール,https://wikiwiki.jp/llll_wiki/%EF%BC%BB%E3%83%97%E3%83%81%E3%83%91%E3%83%86%E3%82%A3%E3%82%B7%E3%82%A8%E3%83%BC%E3%83%AB%EF%BC%BD%E8%97%A4%E5%B3%B6%E6%85%88,それじゃあ、レッツクッキ～ング！…と言っても、買ってきたスポンジケーキにデコレーションするだけなんだけどね。いいでしょ？世の中の女子は市販のチョコを溶かして固めるだけで、手作りチョコ～とか言ってるんだから。だからこれも、手作りケーキだよ☆,,世界中を、スイーツで夢中に！,はい、あーん♡,,藤島慈の、お味はいかが？
藤島慈,SR,ミルク,https://wikiwiki.jp/llll_wiki/%EF%BC%BB%E3%83%9F%E3%83%AB%E3%82%AF%EF%BC%BD%E8%97%A4%E5%B3%B6%E6%85%88,あーれー？沙知先輩腕前落ちたんじゃなーい？違うかぁ。私が手馴れて、上手になり過ぎちゃったかぁ。お？「それなら本気を見せちゃう」？おーおー、いいよいいよー、やってみなー？…って、うわ、速っ…！えぐ…。わ、私だって負けねーし！,,愛してるんだよ、皆！,ちゅ☆ラブめぐ！,,最強のスクールアイドルに、なるからね！
藤島慈,SR,H.S.C.T.☆,https://wikiwiki.jp/llll_wiki/%EF%BC%BBH.S.C.T.%E2%98%86%EF%BC%BD%E8%97%A4%E5%B3%B6%E6%85%88,紅組、藤島慈！出陣だー！体育祭って言ってもね、私学校行事とかあんまガチでやる系じゃないんだよねー。だって疲れちゃうじゃん。...え、何？紅組負けそう？ちょっとちょっと何やってんのアンタ達！もう、しょうがないなー、ここはめぐちゃんに任せろー！,,フレ、フレ、めぐ党！頑張れ頑張れめぐ党ー！,ねぇねぇ、私の為に頑張って！,,ゴーゴーラブリー！めーぐちゃーん！
藤島慈,SR,AURORA FLOWER,https://wikiwiki.jp/llll_wiki/%EF%BC%BBAURORA%20FLOWER%EF%BC%BD%E8%97%A4%E5%B3%B6%E6%85%88,いえーい！みてみて～、『今この瞬間を大切に』！やっぱいい曲だよね、『Dream Believers』。クラブの先輩が優勝したときの曲なんだからそりゃそうなんだけどさ。一番大切なことを歌ってるって思うんだ。だって私たち、今があって、過去から未来に繋がってるんだから。楽しみだな。ラブライブ！決勝大会。もう待ちきれないんだよ。ね、早くやろ！,,カコ、イマ、ミライ……全部抱きしめて！,めぐ党さん、みってる～？,,今日も一番きれいな、めぐちゃんだよ。
藤島慈,R,オーロラスカイ,https://wikiwiki.jp/llll_wiki/%EF%BC%BB%E3%82%AA%E3%83%BC%E3%83%AD%E3%83%A9%E3%82%B9%E3%82%AB%E3%82%A4%EF%BC%BD%E8%97%A4%E5%B3%B6%E6%85%88,やっほー、藤島慈だよー。ハロめぐー！蓮ノ空のスクールアイドルといえば、みんなご存知藤島慈。今日も応援してくれる人のために、楽しさいっぱい届けちゃうからね！,,ハロめぐー！,いっくよー！,,みんなのめぐちゃんだよー！
藤島慈,R,華紺青,https://wikiwiki.jp/llll_wiki/%EF%BC%BB%E8%8F%AF%E7%B4%BA%E9%9D%92%EF%BC%BD%E8%97%A4%E5%B3%B6%E6%85%88,ごめん、おまたせ。待った？……なんちゃって。本日は大人気スクールアイドル、藤島慈のプライベートに密着取材、的な？ コーディネートのポイントは……んー、きらめく私の笑顔！とかで、どう？,,ばっちり決めちゃうよ！,めぐちゃんのターン！,,かわいいでしょ？ 私たち！
藤島慈,R,レインボーシフォン,https://wikiwiki.jp/llll_wiki/%EF%BC%BB%E3%83%AC%E3%82%A4%E3%83%B3%E3%83%9C%E3%83%BC%E3%82%B7%E3%83%95%E3%82%A9%E3%83%B3%EF%BC%BD%E8%97%A4%E5%B3%B6%E6%85%88,ハロめぐー！みんなー、藤島慈だよー。ねえねえ、蓮ノ空のスクールアイドルと言えばー？そう、もちろん藤島慈！今日もめぐちゃんが、みんなにいっぱいの愛をお届けしちゃんうんだから！楽しんでいってね！,,せーの、ハロめぐー！,ついてきてね！,,みんなー、愛してるよー！
藤島慈,R,室咲格子,https://wikiwiki.jp/llll_wiki/%EF%BC%BB%E5%AE%A4%E5%92%B2%E6%A0%BC%E5%AD%90%EF%BC%BD%E8%97%A4%E5%B3%B6%E6%85%88,うん、私もこれから部活だよ。お互い頑張ろうね。……なんちゃって、今回は「もしもめぐ党さんがクラスメイトだったら？」でしたー！普段とは違う練習中の私の横顔に、うっかり恋しちゃってもいいんだよ？,,私のステージ、見ててね！,めぐちゃんのターン！,,めぐちゃんウィンク、ぱちっ☆
