メンバー,レアリティ,カード名,リンク,入手時,特訓時,特訓1回目,特訓2回目,ライブ開始,スキル発動,スキル発動(クロスボイス),SP発動
藤島慈,DR,Prism Echo,https://wikiwiki.jp/llll_wiki/%EF%BC%BBPrism%20Echo%EF%BC%BD%E8%97%A4%E5%B3%B6%E6%85%88,……ん……うん……？……あなただぁれ……？え？旅人さん？わぁ、珍しい。外から人が来るなんて。よくここまでこれたね。……そっか、何かに導かれて……じゃあよっぽど会いたい子がいたのかな？ふふっ、いいよ、私が遊んであげる。私を見つけてくれたご褒美。あれ～？ひょっとして、どきどきしてる？ふふっ、おいで。,ふぁ～……もうこんな時間。ずいぶん暗くなっちゃったね。今日はすっごく楽しかったよ、つきあってくれてありがと。こんな村でしょ？刺激的なことも少ないから、毎日寝てばっかり。ま、そこも気に入ってるんだけどね。門番ちゃんも一生懸命頑張ってるし。私のお仕事は、頑張る子をよしよしする癒し係、みたいな？あ、キミもよしよししてもらいたそうにしてるね？ふふっ、いいよ。いっぱい頑張ったんだもんね。よしよし、よしよーし。……眠くなってきちゃった？このまま目を閉じていいよ。私がよしよししてあげるから。,,,世界樹は今日も平和なのだよ,ほーら、よしよし,慈「村長ちゃんてば、頑張り屋さん。」瑠璃乃「ちゃんとお仕事しようね、ね！」,癒し係だって、必要でしょ？
藤島慈,DR,Ether Aria,https://wikiwiki.jp/llll_wiki/%EF%BC%BBEther%20Aria%EF%BC%BD%E8%97%A4%E5%B3%B6%E6%85%88,おっはよー、マイエンジェル！もう寝坊助すぎだよー。私はキミがいなくてつまんなかったんだからねー。……夢見てた？えー、珍しい。何の夢見てたの？……「私たちがスクールアイドルをやってた」なにそれ。歌ったり踊ったりしてみんなを楽しませる……ってそれ私たち天使と一緒じゃん！なんだよー、もう。だったら夢の世界じゃなくて、こっちでいっぱい遊べばいいのに。ほらほら何する何する？何して遊ぶ？……え？「眠ってた間のお仕事の報告」……。……うーん……えっとね……。……まぁいいじゃんそういう話は！また後で！私の相方のくせに、どうしてそんなに真面目になっちゃったかなー。るりちゃんの影響かー？……ああもう！わかったてばー！先にお仕事、お仕事ね！,,えー……、私慈は、言葉を司るその力を使って、たくさんの人をラブで結び付けてましたー。以上です！そりゃ私が働かなきゃ「人間」っていうのはすーぐ喧嘩しちゃうんだから、しょうがないじゃん？ちゃんと真面目にやってましたよーだ！え？何？「私が真面目にやってることぐらいわかってる」って？……ふ、ふーん、そういうこと言うんだ。自分がめぐちゃんの一番の理解者みたいな顔して……。ふーん。……じゃあ、私が今何考えてるか当ててみてよ。もし正解したら、私がキミの召使いになってあげてもいいよ？ほらほら。「キミに会えて嬉しいと思ってる」だとー！？はぁー！？自信過剰すぎー！自惚れんなよー！全くもう、ほら！お仕事行くよ！散々サボったんだから、ちょっとは働きなさい！……正解？……ふん！知りませーん！行きますよ！ツバサ動かす！ほら！……ごーしゅーじーんーさーまー♡……えへへっ！,,マイエンジェル、レッツゴー！,相方ちゃん、頑張れ頑張れ♡,慈「天使ですわよ～」瑠璃乃「て、天使だぞ～！ガオー！！」姫芽「天使ですにゃ～ん！」,そんなに気に入った？ご主人様♡
藤島慈,LR,やっぱ天使！,https://wikiwiki.jp/llll_wiki/%EF%BC%BB%E3%82%84%E3%81%A3%E3%81%B1%E5%A4%A9%E4%BD%BF%EF%BC%81%EF%BC%BD%E8%97%A4%E5%B3%B6%E6%85%88,藤島慈、光の中から参上～！ハロめぐ～！どう、みんな元気してる？私はこの通り、過去最高のカワイイ偏差値、更新中だよ。今回はね、梢のソロ曲、綴理のソロ曲に加えて、私のソロ曲を初披露したんだけどどうだったかな？三者三様、って言うんでしょ？合ってるよね？うん、そう！みんなの個性がこれでもかと発揮されたソロ曲になったんじゃないかな？ま、みんなが一番好きなのは私の曲だって、もちろん分かってるけどね！,今までみんなに黙ってたことがあるんだ。私、本当はね……でけでけでけでけ……でん！愛の天使、めぐエルちゃんだったのです！…え、知ってた？配信で聞いたことがある？…あらあら、熱心なめぐ党さんですねえ～。いいこいいこ。私はね、この人間界に使命を持ってやって来たんだ。それは沢山の人たちに愛を伝えること。スクールアイドルクラブの三年間で、私の目標はすっごく達成された……と思ってたんだけどね。足りない足りない。まだまだ足りな～い！私を呼ぶその声が聞こえてくる限り、何度だってステージに舞い戻ってきちゃうからね♡嬉しい？幸せ？ふふっ、私もだよ♡なんたってめぐエルちゃんってば、ほら、やっぱ天使！だからね！,,,大きな声で、せ～のっ！め～ぐちゃ～ん♡,アンコール、いっくよ～！！,,推しさまのお出ましだ～い☆
藤島慈,LR,On your mark/102,https://wikiwiki.jp/llll_wiki/%EF%BC%BBOn%20your%20mark%EF%BC%8F102%EF%BC%BD%E8%97%A4%E5%B3%B6%E6%85%88,行くよ、あんたたち！伝説の幕上けだ～！102期生始まりの曲、私たち1年生の力を結集して作った『On your mark』はどうだった？最高？それとも最強？ふっふっふ、でしょでしょ～？いやー無事お披露目できてよかったよ。ほんとに大変だったんだから。てか見てよ。この曲とダンス。乙宗……ううん、梢と綴理と一緒に考えたんだけどさ、二人とも普段はめちゃめちゃコミュ力低いくせに、言いたいことはぜーんぶ曲にぶち込んできてるんだから。もっとちゃんと口でも言えっての！まったく、不器用なやつら！ふふっ。,私、わかっちゃったんだよね！めぐちゃんってただ可愛いだけじゃなくて、歌はまるで天使みたいで、ダンスもすごく上手でしょ？だったらもう、スクールアイドルやらないこと自体が世界にとって損失じゃない？って。まあ今はまだ始めたばっかりだけどさ、この調子でいけばもう最高で最強のスクールアイドルになっちゃうこと間違いなしだよね！今から推しておいた方がいいと思うよ～？そしたらだって、3年間余すところなく推せるんだから、さ！というわけで、ここで宣言しちゃうよ。こほん、私の夢は……「世界中を夢中にすること」！金沢とか石川とか、そんなのちっちゃいちっちゃい！私の野望は世界中だから！覚えててね！それじゃあみんな、ライブ、With×MEETS、そしてこれからも無敵の蓮ノ空女学院スクールアイドルクラブをよろしく～！ばいばーい☆,,,ほらほら、もうやるっきゃない！でしょ？,蓮ノ空に藤島慈あり、ってね！,慈「蓮ノ大三角、藤島慈で～す！」梢「大層な名前ね……」綴理「ボクは嬉しい。」,信じてるよ。私は私のことも、あんたたちのこともね！
藤島慈,BR,18th Birthday,https://wikiwiki.jp/llll_wiki/%EF%BC%BB18th%20Birthday%EF%BC%BD%E8%97%A4%E5%B3%B6%E6%85%88,藤島慈だよ。今日はね、ふふっ！国民の休日にするからね！というわけで、めぐ党のみんなー！ハピバめぐ～！世界一かわいい、めぐちゃんの18歳のお誕生日だよ～！ああすごい！大統領からもお祝いのメッセージが！まあ、来てないんだけど。でもそんな顔も名前も知らない人より、めぐ党さんからのお祝いの方がずっと、ずーっと、嬉しいもんねー！らーぶ！,昔々あるところに、藤島慈という、それはもう天使のように可愛い女の子がおりました。慈はお姫様のように、たくさんの人に愛されて育ちました。持ち前の知恵と勇気と可愛さを武器に、あっちでもこっちでも大活躍。日本一のタレントの座は、もう目の前でした。しかし、そんな慈の前に1人の魔女が現れました。魔女によって暗ーい蓮ノ空に囚われてしまった慈は、悲しみました。これじゃあ世界中を夢中になんてできないよ～！それでもめげず、慈は頑張ります。スクールアイドルクラブに入部し、歌にダンス、配信と、一生懸命頑張りました。そして今、再びこうして、慈はまたたくさんの人に愛されるようになったのです。……本当に、みんな私のことを見つけてくれて、ありがとうね。これから先、来年も……ううん、もっともっとその先まで、みんながずーっとお祝いしてくれるように、私は光の道を走り続けていくから。世界は、藤島慈に夢中に！これからも、目を離さないでね！,,,世界で一番めでたい日を、始めよう！,ロウソク消すよ？ふ～,,今日は一日中私のことだけ考えて？ね？
藤島慈,UR,365 Days,https://wikiwiki.jp/llll_wiki/%EF%BC%BB365%20Days%EF%BC%BD%E8%97%A4%E5%B3%B6%E6%85%88,いえーい！東京満喫中のめぐちゃんでーす！今日は友達と原宿にきてまーす。まぁ、東京はしょっちゅう来ているんだけどね。でも修学旅行って言うのはやっぱ一味違うかな？ん－、スカウトの人？だめだめ、また今度ね。めぐちゃん今プライベート中でーす！,,みんなー！今日はアンコールありがとうね！さてさてライブで歌った『365 Days』はね、蓮ノ空に昔から伝わってきた伝統の曲でね。もちろん歌詞とか曲とかは私たちでちょこちょこアレンジさせてもらったんだけど。どうだった？かなりの名曲じゃない？実はさ。この曲ずっとノーマークだったんだけど３年になってから改めて聴いたらかなり沁みたっていうか。やっぱずるいよね、時間って。どうあがいてもエモくなっちゃうんだもん。はー、今日は本当にいいライブだったな！えへへ、いつでもいつまでも思い出してよね！みんな！,私はさ、『何年たっても色あせることのない永遠』なんて、ないと思ってるわけ。思い出は忘れていくし、歌だって繰り返し聴いていたら、いつかは擦り切れる。現実は辛い？いいや、つらくないね！だからこそ毎日、新鮮な楽しさをお届けしなきゃって思えるんだから。……まあ、でもね。たとえ、どんなに叶わない夢でも、無理でも無茶でも、それを夢見て歌うのが、スクールアイドルなんだから。今だけは一緒に見ようよ、この夢を。それに、もしかしたらさ、きょう来てくれたみんなが信じてくれたら、見つかるかもしれないよ、本当に。『永遠』ってやつが、さ。そうしたら私も謝るよ。「ごめん！本当にあったね。永遠」って。…ねぇ、キミは覚えててくれる？私たちのこと。忘れちゃってもいいよ。ただ覚えてるこの今だけは愛してほしいな！えへへっ。,アンコール行くよ！みんなー！,全部出し切っちゃえー！,慈「今この瞬間を、永遠に！」梢「Bloom the dream！」,最高の夢を見せてあげるから！
藤島慈,UR,夏めきペイン,https://wikiwiki.jp/llll_wiki/%EF%BC%BB%E5%A4%8F%E3%82%81%E3%81%8D%E3%83%9A%E3%82%A4%E3%83%B3%EF%BC%BD%E8%97%A4%E5%B3%B6%E6%85%88,みんな、お待たせ！めぐちゃんのきゃわいいきゃわいい、水着ショットだよ！海も空も砂浜も、目に入らないでしょ？それでいーのっ！,,分かってるよ。伝わってるからね！ずーっと待たせちゃってたよね、ごめんね、めぐ党のみんな！私ね、ちゃんと全て片付けてきたからさ。もう大丈夫、何にも心配いらないよ！ここからまた、始めようね！スクールアイドル藤島慈、いっくよー！みらくらぱーく！,やば…ライブ、楽しかった…！こんな楽しいこと、私1年間も我慢してたの…？どうやって…？え、全然わかんない…諦めるとか、無理すぎなんだけど！いやー、復帰一発目のFes×LIVEとしては、盛り上がってくれてよかったよかった。ま、今回はみらくらぱーく！の秘密兵器を見せたかったのもあるしね。これでみんなも、るりちゃんがどんだけ美少女か分かってくれたと思う！余は満足である！…ごめん、それは嘘。満足なんて、全然してないよ。だって、まだ始まったばかりなんだもん！ハンデありのノンフィクションでもね、すぐに大逆転してみせるんだから！これから怒涛の供給、期待してろよ～？この世界を夢中にさせるまで、私たちの快進撃は止まらないのだ！,私たちの夏だー！,水着アピール♡,慈「白くて眩しくて！」瑠璃乃「私たちのステージだ！」,目を離さないでねっ
藤島慈,UR,PASSION!!!!!!,https://wikiwiki.jp/llll_wiki/%EF%BC%BBPASSION%21%21%21%21%21%21%EF%BC%BD%E8%97%A4%E5%B3%B6%E6%85%88,これがみらぱリーダーの実力だー！よりにもよって、ゲームセンターでるりちゃんの大好きなチャウチャウを見つけちゃったからね、全く。……ほんとに、どうしてこんなのが可愛いんだか……しょうがない、今日の記念に私がプレゼントしてあげよう！はい、どうぞ♪ そんなに喜んでもらえたら、頑張った甲斐があったねぇ。うん？名前？『めぐチャウ』って付ける……？それはー……ナシかな♪,,あら、貝殻に寝そべる美女がいると思った？正解！めぐちゃんでした～！今日はね、夜のプールで撮影会をやってるんだよ。スクールアイドルたるもの、年中行事は欠かさず参加しなくっちゃね！みんなも見たかったでしょ、めぐちゃんの水着。あはは、素直でよろしい！そんなに喜んでもらえるんだったら、写真集とか出しちゃおうかなー？もし作るとしたら、カメラマンは姫芽ちゃんにお願いしよっと。一日中でも付き合ってくれるよ、あの子。ちょっと私を甘やかしすぎなんだよね。私は後輩にも、応援してくれる人にも恵まれちゃったなー。,そうそう、梢と綴理もかわゆい水着を着てるからさ、ちゃんと見てあげてね。もちろん、めぐちゃんばっかりロックオンしちゃいたい気持ちもわかるけど☆でも、ふたりとも気合い入ってるから、さ☆梢なんていっつも「わたくしは恥ずかしいのだけれど～」とか言ってるくせに、表情作ったりポーズ撮ったりはうまいんだよね。いや、うまくなった、かな。綴理も実は、かなーり成長したんだよ。かわいくみられるポーズとか、いーっぱい教えてあげたんだから！ふふふ。104期生、103期生だけじゃなくて、ある意味、102期生だって、めぐちゃんの弟子なんだよ。私はスクールアイドルクラブに『かわいい』をもたらした女神なのだ☆と、ゆーわけで……そんな女神様に、今度はどんなポーズ取ってほしい？いいよ、やったげる♡17歳の藤島慈の夏は、今しか見れないんだからね☆,ほーら、おいで。一緒に涼も？,クラっとしちゃえー！,慈「さ、私の水着の感想を、どうぞ？」梢「可愛いと思うわよ……相変わらず。」,今年の夏も、写真に残していってね！
藤島慈,UR,アイデンティティ,https://wikiwiki.jp/llll_wiki/%EF%BC%BB%E3%82%A2%E3%82%A4%E3%83%87%E3%83%B3%E3%83%86%E3%82%A3%E3%83%86%E3%82%A3%EF%BC%BD%E8%97%A4%E5%B3%B6%E6%85%88,ほーら、頑張れ頑張れ。Fes×LIVEに向けての衣装作り、私は昔から小物作ったりするの好きだから、こういうのどう？って見せてみたんだけど。そしたらるりちゃんめっちゃ真剣になってさ。えへへっ、二人で何かできるのって、嬉しいな。,,カリフォルニア帰りの和装美人！大沢瑠璃乃～！いえーい！どーお、どーお？うちのるりちゃん、めっちゃ可愛いでしょ？せやろー？８月のFes×LIVEはみんなでお揃いの衣装だったからさ…今回ようやく、私が私の好きなようにるりちゃんを思う存分プロデュースできたってわけ！どや～！スクールアイドルクラブに入って約1年半。私はずっと、これがしたかったの！,今日のライブも、楽しかったね！るりちゃん自慢もできたし、みらくらぱーく！伝統の曲も披露できて、余は満足じゃ！えへへっ。ほんといいよね、『アイデンティティ』。私らしく、って堂々と胸張ってさ。まさにこれぞ、みらくらぱーく！って感じ！私とるりちゃんって、幼馴染なんだけど、ずーっと一緒にいたわけじゃなくってね。遊べなかった期間もそれなりにあって。だからたぶん、るりちゃんの趣味とか、好きなものを全部知ってるわけじゃないと思うんだ。でもね、今回ライブどの曲やろっかなーって選んでる最中、ビビッと来たの。あっ、るりちゃんきっと『アイデンティティ』好きなはず！って。もうね、時間なんて飛び越えてわかっちゃったの。なんでかみんなは分かるかなー？正解はね～？私が大好きな曲だから、だよ！,キミも一緒に、叫ぶのだ！,やっぱ楽しく！,慈「まずは笑顔の、オーディション♪」瑠璃乃「うう～ん、優勝！」,笑っていこうねー！
藤島慈,UR,喫茶ハスノソラ,https://wikiwiki.jp/llll_wiki/%EF%BC%BB%E5%96%AB%E8%8C%B6%E3%83%8F%E3%82%B9%E3%83%8E%E3%82%BD%E3%83%A9%EF%BC%BD%E8%97%A4%E5%B3%B6%E6%85%88,笑って笑ってー？はい、フラワー！今日はねー、暇そうにしてた後輩を誘って、今、金沢一の映えスポットと呼ばれるカフェに来ていまーす！やっぱJKはトレンドを追っかけなくっちゃ！って、そんな喜んでくれる？よっしゃ、だったら次は私のとっておきに連れてってあげよう！,,はいはーい！当店自慢の看板娘、可愛くてかっこいい無敵のめぐちゃん、藤島慈だよー！今日はね、メンバー全員で純喫茶のお手伝いに来てるんだよー。この間温泉旅館をお手伝いしてから、ちょくちょくこういうお話を貰えるようになってね。地域活性化と地元に根ざした活動、という名目で新メニュー開発したり、衣装や内装の雰囲気作りに楽しんじゃってるんだよー。みんなも遊びに来てね？,ふっふっふ…！何を隠そう最近カフェ巡りをしてたのも、この研究のためだったのだ！せっかくなら、金沢一、いいや、北陸一の映えスポット、作ってやりたいって思ってたからね！ただ遊びに行ってたわけじゃないんだよ！まあ、外出届を出してもらう口実としてもピッタリだったし…。…いやいやいや！？勉強です！社会勉強です、あれは！そんなのいーの！今はお店の宣伝！みんなの強みを活かして、頑張ったんだからさ！スイーツ係はさやかちゃんと綴理。ドリンクは梢でしょ？花帆ちゃんとるりちゃんに内装の飾り付けをお願いして、私はいわゆる統括バイトリーダー。衣装はみんなでとびきり可愛くしたんだよ！ただ一個だけ失敗したかなーって思うのは…こんなに華やかな私がホールにいたら、みんなドキドキしてスイーツの味とか雰囲気とか楽しむ余裕なくなっちゃうよね！うふふ、可愛すぎちゃって、ごめんなさーい☆,はーい、一名様ごあんなーい！,ドキドキをどうぞ！,慈「さやかちゃん可愛いから時給アップ♪」さやか「そんなシステムありませんよね！？」,当店自慢のメニューは…私かな！
藤島慈,UR,DEEPNESS,https://wikiwiki.jp/llll_wiki/%EF%BC%BBDEEPNESS%EF%BC%BD%E8%97%A4%E5%B3%B6%E6%85%88,綴理～！この曲むずいんだけど～！ぐぬぬ...、聴いてる分にはいい曲じゃんって思ってたのに、実際自分でやるとなるとなかなかハード...。まぁやるんだけどね！やったろうじゃん！綴理たちの願いを叶えてあげるよ、この私が！『DEEPNESS』完成させるからね！,,というわけで、本日はFes×ReC：LIVEをご覧いただき、ありがとうございました！ライブ中にも言ったけど、今回のFes×ReC：LIVEは、1年生ちゃんたちが提案してくれたんだよね。私たちの軌跡、103期のライブをまとめて、その空気感も含めて残したいからって。まぁわかるよ、その気持ち。めぐちゃんなんて、360度、どこを映したってスーパー美少女なんだから、その姿を永遠に保存しておきたいってことだよね？もちろん大賛成だよ。それがめぐ党さんや応援してくれる人のためになるなら、ね！,ところで『DEEPNESS』はどうだった？ご満悦？それならよしよし。まー、私は上級生組として、綴理と梢と肩を並べるわけだから...、ありましたよ、それなりに、プレッシャーもね...！パフォーマンスで緊張するなんて、ほんと久しぶり。だってこれで私が完璧に踊れなかったら、綴理には憐れまれるだろうし、あまつさえ、梢に「もう少し簡単な振り付けにしましょうか...？」なんて気を遣われた日には、もう...もう...！だから、るりちゃん連れて、猛特訓してやったね！なかなかのもんだったでしょ？ふふっ。...なんだろう、もしかして私最近、姫芽ちゃんの影響で血の気が多くなったりしてない？なるほどね。後輩ちゃんと触れ合うことで、104期の私もどんどんパワーアップしてる、と...。ん？元から？えー☆そんなことないも～ん☆めぐちゃんは、エンジェルなんだも～ん☆えへっ。,そう、どこまでも熱く。…うん、行こう！,ふふっ、見惚れちゃいな？,慈「私にも似合うでしょ？」瑠璃乃「むしろサイコー！」,これが私の『DEEPNESS』
藤島慈,UR,ジョーショーキリュー,https://wikiwiki.jp/llll_wiki/%EF%BC%BB%E3%82%B8%E3%83%A7%E3%83%BC%E3%82%B7%E3%83%A7%E3%83%BC%E3%82%AD%E3%83%AA%E3%83%A5%E3%83%BC%EF%BC%BD%E8%97%A4%E5%B3%B6%E6%85%88,なぁに？ぼーっとして。もしかして、私に見とれちゃった？わかるよ、しょうがない。こんなにいい女と一緒なんて、緊張しちゃうもんね？秋の公園をぶらぶらお散歩デートもいいけど...。ねえ、これからどうする？てか、どうしたい？...あははっ、なーんてね！,,はーい、めぐ党の皆さんー！「もしかして、めぐちゃん漢字がわからなかったから『ジョーショーキリュー』をカタカナにした？」と思った人ー！素直に手を挙げなさーい！うんうん、素直なのはよろしい。全員罰として、あと1万回曲を聴きなさい！まったく。だいたい、作詞も作曲もうちはもう3人体制だからね。その上で、カタカナの方が肩の力が抜けつつ、勢いもあっていいって思ったからカタカナにしたんだよ。日本語って表現方法もいっぱいあって奥深いんだからね。ほら、勉強って大事でしょ？うん？お前が言うな？ふふっ！高校生活があと10回ぐらいあったら、一度ぐらいはやってもいいよ、お勉強。あ！ごめん！やっぱしないかもっ！,みんなと一緒にライブをやる度に思うんだよ。楽しいな、本当に楽しいな、って。帰りたくないな、終わってほしくないな、って。その場にいる全員が、終わらないでほしいってすごく願ってるのに、どうして終わらなきゃいけないんだろうね。理不尽だぞ！だったら、もうライブ会場ごと空を飛んで...、みんなと一緒に金沢に帰っちゃおうかな！みたいな。まぁ、でも、そういうわけにいかないからね。私にもっと力があれば叶えられる夢なのかもしれないけど、今はまだ無理だから、歌にして、みんなに今日を持ち帰ってもらおうと思ったんだよ。「また会えるよ」って、言いたかったんだ。みんなの前で。「ねえ忘れないで」は、可愛い私の、可愛いわがまま。でも...、ふふっ。きっと、また会えるよね。,このまま征服したいね、世界！,漢字書けますけど！？「上昇気流」。,慈「つまりウチら最高で～？」瑠璃乃「最強ってこと！！イェーイ！」,また会おうね。ううん、私が会いに行っちゃう！
藤島慈,UR,冬のおくりもの,https://wikiwiki.jp/llll_wiki/%EF%BC%BB%E5%86%AC%E3%81%AE%E3%81%8A%E3%81%8F%E3%82%8A%E3%82%82%E3%81%AE%EF%BC%BD%E8%97%A4%E5%B3%B6%E6%85%88,沙知先輩トランプよわーい。蓮ノ空の上下関係って割と緩いんだけどさ、ただ、ランドリーだけは別。いつ行っても割と混んでるからなんとなくだけど先輩優先みたいな雰囲気があって。まあ私は気にしないんだけど、つづこずの二人は律儀だからねー。でもそんな時に沙知先輩がいると便利だったんだよ。懐かしいな。,,12月に入って街がクリスマス一色に染まると、もう今年も終わりか―って、ちょっぴりしんみりしちゃうよね。めぐ党さんはどう？いい一年だった？ま、そんなの聞くまでもないよね。だって、このめぐちゃんがスクールアイドルクラブに戻ってきただから、さ！来年もいい一年にしようね。そのためには、みんなの力が必要不可欠なんだよ！つまりー、みんなに応援してもらうと私が元気になる。元気になった私がみんなを応援する。これぞ愛のプレゼント交換！…ということは、めぐ党さんはめぐちゃんにとってのサンタさんかも？ふふっ、プレゼントのらぶらぶコール、待ってるよ！,ねえねえ、めぐ党のサンタさ～ん。私、欲しいものがあるんです～。それはねー、ラブライブ！決勝戦への、切符。ああごめん、ウソウソ。そんなこと言ったら梢に「あなた、そういうのは自分の力で勝ち取らなきゃ意味がないでしょう？」ってネチネチ言われちゃう。私が欲しいものは、めぐ党さんからの一生分の愛、だよ。うふふっ、まあ私もね、長年タレントをしてきた身なんで推し変とか慣れっこだし、人間だからしょうがないかなみたいな部分はあるんだよ。大好物でも365日食べてたら飽きちゃうしね。だけどその瞬間にさ、一生推す！って思った気持ちはほんとなわけじゃん？うんうん、つまりはそういうこと。だから、私の靴下が一杯になるぐらいの愛、沢山ちょうだいね？サンタさん♡,プレゼントは、わ・た・し、だよ♪,いい子にしてまーす。,慈「梢サンタさん、プレゼントちょーだい♪」梢「もう...後でね、慈。」,いっぱい愛が集まってきたよ！
藤島慈,UR,Secret Christmas,https://wikiwiki.jp/llll_wiki/%EF%BC%BBSecret%20Christmas%EF%BC%BD%E8%97%A4%E5%B3%B6%E6%85%88,あーあ、めぐ党さんのみんな、どうしてるかな…？ネット禁止令とか、ほんとサイアク。全部、これからだってのに…。いいや、諦めるつもりなんてないからね。何が何でも、私たちの歌を届けるんだから！待ってて、みんな！,,くよくよしてたってしゃーないんだよ！可愛い衣装で可愛いポーズ！可愛いるりちゃんと一緒に可愛いライブだい！問題なんてどうにかするって決めたんだから、今はこの瞬間やれることをやるの！つまり、クリスマスライブ！こちら、音楽堂特設ステージよりお届け致します！…まあ、校内のみんなもさ、息抜きぐらいはしたいじゃん？ただでさえ、なんかどんよりした空気が漂っているわけだから…。こんなときこそ、藤島慈の出番ってこと！ほらほら、笑顔を忘れずに！ね？,この間廊下を歩いてたら、「藤島さん！」って呼び止められてさ、知らない子だったんだけど、手紙だけ渡してくれて、あっという間にいなくなっちゃったんだよねえ。なんだろう？って思ったら、まさかのファンレター！「応援してます。スクールアイドル頑張ってください。」って書いてて…。やっぱね、やってやろうじゃんってなったよね。ってか、ちょっと話変わるんだけど、なんかこの学校手紙くれる人多くない？ライブの度に下駄箱に入ってるんだよね。いいや、嬉しいんだよ、勿論。でも、直接言ってくれればいいのに…。お嬢様ばっかりの学校だから、みんな恥ずかしいのかな？それとも…私、補習ばっかりしてるから、怖がられてたりする！？,めぐちゃんがいれば、だいじょーぶ！,メリクリ～,慈「ほーら！もっときゅるるんって！」さやか「ハ、ハロさやー...！」,可愛い可愛い、サンタだよ？
藤島慈,UR,ハッピー至上主義！,https://wikiwiki.jp/llll_wiki/%EF%BC%BB%E3%83%8F%E3%83%83%E3%83%94%E3%83%BC%E8%87%B3%E4%B8%8A%E4%B8%BB%E7%BE%A9%EF%BC%81%EF%BC%BD%E8%97%A4%E5%B3%B6%E6%85%88,本日の天気は、晴れときどきチョコレート！みらぱのミッション、大成功！これすっごい楽しかったから、またやりたいなー。次は白とピンクのジェット機を借りて、世界中の空で！,,私たちは、今回限りのシャッフルユニット、かほめぐ♡じぇらーとだー！ ふっふっふっ、この教室は、私たちが占拠した！ よってルールを定めるよ。その1。楽しくないことは禁止！授業とか、宿題とか。その2。食堂に、有名ラーメン店と、和菓子屋さんを入れること！その3。みんな、この世でめぐちゃんだけを愛すること！...って、なになにー？ 隣からすごいブーイングが来たんだけどー？ ふっ、花帆ちゃん、いい？ 私とユニットを組んだ以上、もう梢なんて過去の女だよ？ アイツのことは、忘れるように。...じゃあ、いますぐ辞める？そこまで言う？くぅー、おのれ梢め！,いやー作ったなー、久々に能天気な曲。ラブライブ！期間中は部の雰囲気もガチめだったし、みんなもそういうの欲しかったでしょ？ わかるわかる。ていうか、聞いて聞いて！ 今回、花帆ちゃんとユニット組んでみてわかったんだけどさー、ダメだね。いや、お互いノリが合うだろうなーっていうのは、たぶんめぐ党さん達も想像してた通りだったと思うんだけど、むしろ逆に合いすぎるから、限界までやっちゃう、みたいな、誰も止める人がいない、的な。これたぶん、一ヶ月で体壊すね。しょうがない、私の弟子にしてあげようと思ったんだけどなー。花帆ちゃんは、一旦梢にお返ししますか。...とか言ったら、花帆ちゃん「あたしはもともと慈センパイのものじゃありませんけど？」って、笑顔で言いよって。うぅ～ん、この生意気ちゃんめ！,ハッピー極めちゃお！,天然だもーん。,慈「世界中を夢中...の前にるりちゃんを夢中に！」瑠璃乃「ルリはずっと、めぐちゃんに夢中だよ！」,花帆ちゃん、乗り込めー！
藤島慈,UR,KEY of Like！,https://wikiwiki.jp/llll_wiki/%EF%BC%BBKEY%20of%20Like%EF%BC%81%EF%BC%BD%E8%97%A4%E5%B3%B6%E6%85%88,ありがとう、ママ。……愛してるよ！私ね、この3年間、立ち止まったり回り道もしたけど。辛いことも、苦しいことも、悲しいことも、嫌なこともあったけど。全部全部、置き去りにしてここまで走ってこれたから。私の目にはもう、今は晴れ空しか見えないんだよ、ママ！,,これが『KEY of Like！』。私の過ごしたおもちゃ箱のような３年間を詰め込んだ、私と、仲間と、みんなの曲だよ！感想は後でゆっくりと聞くとして……。先にね、めぐ党のみんなに私からお礼を言わせてほしいんだ。色々と、心配かけてごめんね。私は楽しいことに目がないし、てかそれしかやりたくないし。見てて危なっかしいところもあったと思う。それなのに信じて、応援してくれて嬉しかった。みんなの声がいつだって私の背中を押してくれたんだよ。私にとってきっと、かけがえのない日々だった。けどね、これで終わりじゃないから。みんなの大好きな私は、いつだって笑ってるから。どこにいても、今が幸せだよって歌うから。これからもずっと応援しててね。みんな……愛してるよ！,それから……一応、みんなにも言っておかないとね。姫芽ちゃん。私の強さを信じてくれてありがとう。おかげできっとね、私も私を信じられたんだよ。小鈴ちゃん、吟子ちゃん。私至上最大のピンチに力を貸してくれてありがとう。後輩が知恵を絞ってくれる姿は、先輩として、けっこう感動するもんだね。花帆ちゃん、さやかちゃん。出会いは色々あったけどさ。私はキミたちがかわいくて仕方ないんだよ。梢と綴理のことも、そして私のことも……。本当に、ありがとうね。梢、綴理。あんたたちは、今さらかな。ありがとう。3年間楽しかったよ。そして、これからもよろしく！最後に……、大沢瑠璃乃さん。るりちゃんは、私のすべて、だよ。るりちゃんのおかげで、私はまた、走り出せたんだから。本当に、ありがとう。みんなまとめて、愛してるよ。だから……！ぜったい、ぜったいに……優勝しようね！ラブライブ！,行くよ、みんな～！世界中を、夢中に！,まだまだ声出せるでしょー！,慈「私の親友、夕霧綴理！」綴理「めぐ、ボクの親友！」,いつだってこの瞬間が、一番最高なんだから！
藤島慈,UR,全方位キュン♡,https://wikiwiki.jp/llll_wiki/%EF%BC%BB%E5%85%A8%E6%96%B9%E4%BD%8D%E3%82%AD%E3%83%A5%E3%83%B3%E2%99%A1%EF%BC%BD%E8%97%A4%E5%B3%B6%E6%85%88,キミがキュンキュンするものは、なあに？配信、ライブ、ゲーム、コスメ、そんで釣りも！ふふっ！ でもやっぱり、一番キュンキュンするのって、私たち？だよね！結局さ、何が最高って、出会えたこと。それっきゃないじゃん？つまりそういうこと。そういう歌ってこと！,,みんな聞いてくれたかな？『全方位キュン♡』！賑やかで楽しくて、聴いてくれた人みんなをガチ恋させちゃうような、すっごく可愛い曲になりました！やっぱり、誰かのハートに届いてほしいからね。そりゃあみんなで頭をひねって、がんばりましたとも。この曲を聞いた人が一人でも多く「姫芽ちゃんすきー！」「るりちゃんすきー！」「めぐちゃん、しゅきしゅきー」って、私たちのことを愛してくれたら嬉しいな！だから、これが私の、……ううん、私達104期、みらくらぱーく！の、集大成！スクールアイドル藤島慈の、ラストソング、だよ！,ま、別に！私はずっとソロでタレントやってても、世界中を夢中にできただろうけどね！実際、そりゃ～もう大人気だったわけですし～？曲は作れないままだったかもだけど、それだってやろうと思えばやっただろうし～。めぐちゃん天才ですから～！ただ、愛されてるんだって実感できたのは、スクールアイドルのおかげかな。配信で繋がって。みんなに声を届けて。愛してるって言ったら、ちゃんと「愛してる」って返してくれる。相思相愛♡それにね……きっとこの曲は、ひとりじゃ作れなかったよ。衣装だって姫芽ちゃんが考えてくれて、るりちゃんもいっぱい相談に乗ってくれて、さ。私たち三人と、そして、めぐ党さんのみんながいてくれたから、作れた曲。それならやっぱ、出会えた喜びを歌わなきゃね☆世界中からもらったハート、百倍にして、みんなに返してあげるから♡だから……、これからも、ずっとずっと、ず～っと！愛してるよ、みんな！♡,もう逃げ場はないぞ。覚悟しろー！,ズッキュン！それとも、バッキュン？,慈「後のことは、わかってるね！」姫芽「るりちゃんせんぱいの可愛さを、世界に～！」,投げキッスで仕留めて、あ・げ・る♡
藤島慈,UR,抱きしめる花びら,https://wikiwiki.jp/llll_wiki/%EF%BC%BB%E6%8A%B1%E3%81%8D%E3%81%97%E3%82%81%E3%82%8B%E8%8A%B1%E3%81%B3%E3%82%89%EF%BC%BD%E8%97%A4%E5%B3%B6%E6%85%88,藤島慈！一年生！タレントやってましたー！スクールアイドルってあんまり良く分かんないんですけどー、まぁ暇つぶしならやってもいいかなーって。あ、私の邪魔をしないならなんでもいいでーす！,,思うんだ。もし私が怪我をしなかったら、って。そうしたら...沙知先輩が辞める時だってこじれずに済んでたかもしれない。みんなが、もっと幸せな時間を過ごせたかもしれない。私はきっと、どんなことがあってもね。あの日々を肯定することは、一生できないよ。だから、前に進むしかない。がむしゃらに、走るしかないんだ。どんなに苦しくても、つらくても。今がずっと続くわけじゃないことは、私にとって救いだったんだよ。ねえ、沙知先輩。私が奪った先輩の時間を、返してあげることは、できないけどさ、すべてひっくるめて「楽しかった」って、そう思わせて見せるから。任せて。私は藤島慈。蓮ノ空のスクールアイドルだよ,つまんない話はここまで！ねぇ私の書いた詩どうだった？泣いた？泣きまくった？思い出す度に泣いてる？ねぇねぇ教えてってばぁ！うふふ、言ったよね沙知先輩？「私の言葉は人の心を動かせる」って。作詞も何にも教えてくれなかったのに。偉そーに。…先輩から教えてもらった言葉、ちゃんと覚えてるよ。だから大賀美沙知、あんたの未来はこれから先も輝いている！だからくじけないでよ。こんなに可愛い後輩3人も置いて行っちゃうんだからさ。もっともっと幸せにならないと許さないからね！先輩、いままでずっと、ありがとう…,私たちからのラブレター、だよっ,泣いていいよ？先輩,慈「ありがとう。みんな同じ、でしょ」綴理「うん、ありがとう、めぐ」,行きなよ。未来が待ってるよ
藤島慈,UR,いつでも、いつまでも,https://wikiwiki.jp/llll_wiki/%EF%BC%BB%E3%81%84%E3%81%A4%E3%81%A7%E3%82%82%E3%80%81%E3%81%84%E3%81%A4%E3%81%BE%E3%81%A7%E3%82%82%EF%BC%BD%E8%97%A4%E5%B3%B6%E6%85%88,104期みらくらぱーく！、永久保存版！ はい、チーズ！いやー楽しかったなあー。遊園地もそうだけど、この1年間、ね。私がるりちゃんと組んでたユニットに、姫芽ちゃんが加わって、どんどん賑やかになって。おもちゃ箱をひっくり返したみたいに、毎日がお祭り騒ぎ。ほんっと、退屈な暇なんて、一秒もなくてさ。……さすがにね、後ろ髪引かれちゃうよ。でも、私が一番笑ってやんなきゃね。じゃないと笑えないでしょ？ あの子達が。世話が焼けるんだからね！ ほんとにね！,,今更だから言うけどさ、よくみんな、私のこと好きになってくれたよね。いやまあ、自信はあったよ？なんたって、めぐちゃん、エンジェル、ですし～？でもさ、まさかここまでとは思わないでしょ。ライブのたびに、いっぱいいっぱい声出してくれて、人生100回分ぐらい愛してもらっちゃったよ、もう。知らないでしょ、みんな。私がみんなの声に、ほんとはどんなに救われてたか、なんてさ。私を信じて、ついてきてくれて、愛してくれて……、本当に、嬉しかったんだよ！こんなにたくさんの愛、どうすれば返せるのか、もうわかんないけどさ。でも、一生かけて、楽しませてあげるから。私はずっと、藤島慈。みんなの大好きなめぐちゃんだから。だから……、これからもよろしくね！みんな！,てか私、明日からめーっちゃ忙しいんだよね！海外に引っ越しするの大変すぎ！もう大慌てだよ～！ん？なになに？『卒業なのになんかムードがないね』だぁー？じゃああれですか！みんなは『えーんえーん、寂しいよ～；；って泣いてるめぐちゃん』と『寂しいのをこらえて笑顔で話題を振るめぐちゃん』、どっちのめぐちゃんが好きなの！？ちなみに模範解答はね、『両方』だよ☆引っかかった？あはははっ！……私ね、こうやってみんなとお喋りしている時間が好きだよ。すごく好き。いつまでだってこうしていたいぐらい。だからね、泣かないよ、私は☆泣くのはみんなの役目☆私はこうやって、世界一かわいく笑って。みんなが愛したスクールアイドルは、かわいくて、強くて、きれいで、世界でいちばんの女の子だったんだって、そう胸を張ってもらえるようにするからね☆喜べ～？キミたちの推しは、これからも一生輝き続けるんだから☆ずっとずっと、目をそらしちゃだめだぞ♡藤島慈より、愛を込めて♡,それじゃあまた会おうね、必ずだよ！,夢を叶えに！,慈「ほーら、るりちゃん、姫芽ちゃん！」瑠璃乃「ぎゅぎゅっとくっついて！」姫芽「ふぁぁぁぁ～……！、はい、チーズ、です～……！」,ずっとずっと、愛してるからね！
藤島慈,UR,約束の舞踏会,https://wikiwiki.jp/llll_wiki/%EF%BC%BB%E7%B4%84%E6%9D%9F%E3%81%AE%E8%88%9E%E8%B8%8F%E4%BC%9A%EF%BC%BD%E8%97%A4%E5%B3%B6%E6%85%88,たまには私が、着せ替え人形？　んもう、言われなくたって大人しくしてますってば。二人がどんなふうにコーディネイトしてくれるのか興味あるし。でも、たまにはいいね、こういうのも。いっぱいお世話してもらって、まるでお姫様気分、ってやつ？,,ピカピカの馬車に乗って、お城のパーティ会場へ。そして私をエスコートしてくれたのは、もちろん、私の幼馴染、るりちゃん。いつもよりきりりとおめかししちゃって、可愛いんだから、もう。ふふっ。でもね、顔には出さないようにすごーく頑張ってたけど、似合ってるかなあ、どうかなあ、って不安がってるのが分かっちゃって。だから、ちゃーんと言ってあげたよ。世界一かっこいいぞ、るりちゃん、ってね！,この日のために、いっぱい練習したんだろうなあ。るりちゃんね、パーティの間、ずっと頑張ってて、いつも以上に優しくて、まるで本当のお姫様になっちゃった気分だよ。こんなにかわいくて、魅力的で、完璧なお姫様をエスコートするなんて、すっごくプレッシャーだったと思うけどね。それでも、ここぞという時は、ばっちり決めちゃうんだから。うちの1年生組、みんなちっこいくせに、ひょっとして、エスコート適性、意外とある！？……みたいな。なんかね、ちょっぴりキュンキュンしちゃったよね。るりちゃんのくせに！私さ、かわいいるりちゃんのことはもう、全世界のみんなに見てほしいんだけど、でも、なんか……。るりちゃんが意外とかっこいいってことは、まあ私だけが知っていればいいかなー、っていうか。え？いや、なんとなくだよ、なんとなく！別に私、面倒くさい女とかじゃないからね！変な想像しないで！！,プリンセスのステージだよ！,一緒に踊りましょう？,慈「私やっぱり...お姫様だったのかも！」梢「あの子達のおかげね。」綴理「ボクもお姫様だったー？」,とっても楽しい夜にしましょうね！
藤島慈,UR,久遠の銀河へ,https://wikiwiki.jp/llll_wiki/%EF%BC%BB%E4%B9%85%E9%81%A0%E3%81%AE%E9%8A%80%E6%B2%B3%E3%81%B8%EF%BC%BD%E8%97%A4%E5%B3%B6%E6%85%88,あの星を目指して、104期みらくらぱーく！、行こう！目指せ、ラブライブ！優勝！、ってね。スクールアイドルなんて、真面目にやるつもりなかったのに、いつの間にか私も、こんなところまで来ちゃった。三年間、なんだかあっという間だったなあ。それじゃ、あと少し。行こうよ、るりちゃん、姫芽ちゃん！ 私達で、世界中を夢中にさせちゃおう！,,頭でっかちで理屈屋な梢と、何言ってるんだか分からなかった綴理。出会ったばかりの頃は、ぶっちゃけさ、二人のこと、「うわぁ…めんどくさそう…」って、思ったよ。ていうか、それは今も思ってるかも。えっへへ。だけど、いつの間にか、ただそれだけじゃなくなってきちゃってさ。梢は他人にも自分にも厳しい努力家で、綴理は不器用なだけの、ただ普通の女の子。それに気づけてから、なんとなく、距離の縮め方が分かったんだよね。まあ、私が元々あんまり人の短所を気にしない性格だってのは、あったかもだけど。つまり、全部私のおかげってこと。感謝してよね、梢、綴理！,めぐ党さんに、ここだけの話。実は、「蓮ノ大三角」って名前広めたの、私なんだよね。最初に言い出したのは沙知先輩だったんだけど、それいいじゃん！採用！って思って、こっそりと、ね。タレントでも何でも、わかりやすさって大事でしょ？何かすごい1年生が3人いるぞーって噂されたら、箔も付くってもんだし。自己プロデュース戦略ってやつ☆あとは、まあ…私は梢みたいに音楽に詳しいわけでも、綴理みたいにダンスがすごいわけでもないから。それでもふたりと肩を並べるためには、それなりに自分を追い込まなきゃって思って。「大三角」なんて呼ばれてたら、ひとりだけ置いてかるわけには、いかないじゃん？結果、今の私がどうなったかってゆーと…そこはみんなが、いちばんよく知ってるよね☆大丈夫、任せておいて。なんたって私達は、今を歌う蓮ノ大三角。どんな星よりも、輝いてみせるんだよ！,蓮ノ大三角、藤島慈！ よろしくね！,めぐちゃんこそが、一番星！,慈「愛してるよ、親友！」綴理「ボクもだよ、めぐ」梢「私も……愛してる……わ」,世界のどこにいても、私を見つけてね！
藤島慈,UR,Dream Believers,https://wikiwiki.jp/llll_wiki/%EF%BC%BBDream%20Believers%EF%BC%BD%E8%97%A4%E5%B3%B6%E6%85%88,世界中のみんな、今日も一緒に、ハロめぐ～！レディースアンドジェントルマン！*1ここは私、藤島慈が園長を務める遊園地、みらくらぱーく！みんながいつだって胸弾む毎日を、お届けしちゃうよ！,,いつの間にかスクールアイドルにハマっちゃったんだよ。だって、こんなにも自由なんだ。やろうと思ったことはなんだって叶えられるし、行きたい場所はどこにだって行ける。もちろん、自分が頑張らなきゃいけないことはいっぱいあるけど、でも、頑張れば頑張った分、みんなも喜んでくれる！うっふふ、これは私にとって、天職かも！,私の道を切り開くのは、私達！雨が降ってきても、槍が降ってきても、私達はきっと楽しんで走っていくよ。どんなことがあっても、もうへこたれたりしない。たくさんの仲間達と、応援してくれる人がいるって、分かったから！不安に頭を悩ませるぐらいなら、次はどんなことをしようかって企んだ方が、よっぽど面白いしね。いい？スリーズブーケにも、DOLLCHESTRAにも負けないくらい、みんなをずっと楽しませてあげるから、私達のこと、ずっとずーっと見ていてね！キミ達の心にも、ぴっかぴかのネオンを灯してあげる！みらくらぱーく！のパレードは、全員参加だよ！それじゃ、腕を掲げて、いっくぞー！,今日はめぐちゃんのスペシャルライブ！,みんなを夢中にさせてあげる！,慈「るりめぐオンステージ！」瑠璃乃「はっじまっるよー！」,私達のこと、いっぱい愛してね！
藤島慈,UR,ハクチューアラモード,https://wikiwiki.jp/llll_wiki/%EF%BC%BB%E3%83%8F%E3%82%AF%E3%83%81%E3%83%A5%E3%83%BC%E3%82%A2%E3%83%A9%E3%83%A2%E3%83%BC%E3%83%89%EF%BC%BD%E8%97%A4%E5%B3%B6%E6%85%88,ふっふっふ…私に食べられたい子はだーれ？ゆめかわお茶会の準備！じゅーんび♡こっちは私の好きなものー♪こっちはるりちゃんの好きなやつでー…。あ、こっちもるりちゃんの好きなやつだ！お、これもるりちゃんの…ん？バランスおかしいな。ま、いいや！,,こちらは、楽曲『ハクチューアラモード』をイメージしたお茶会セットでございまーす。可愛いでしょ、この衣装？私もかなり気に入ってるんだ。噂によると『ハクチューアラモード』は天使で天才な美少女スクールアイドルが幼馴染に可愛い衣装を着せるために作った曲…という説も。って、うそうそ！じょーだん。ほんとなのは精々三割ぐらいかな～？ま、曲作るモチベなんて、どっからでも湧いてくるもんだからね！ね、るりちゃん？,ふふ…。寝ちゃったねえ、るりちゃん。甘いもの食べて、お腹いっぱいになって眠くなっちゃったのかな？可愛いね。…るりちゃんね、最近、がんばってるんだよ。私がふがいないところを見せちゃったから、支えようとしてくれてるんだよね。ほんと優しいんだから。もし私が、ちゃんと勝って、世界中を夢中に出来てたら、るりちゃんには楽しいことだけ食べさせてあげられたのに。…やっぱ、悔しいな。甘いお菓子だけの世界。いつか私がるりちゃんにプレゼントしてあげるから。それまで待っててね、るりちゃん♪,恋の味、教えてあげる！,お味はいかが？,慈「世界で2番目に可愛いよ、るりちゃん♪」瑠璃乃「わぁーい！」,アラモードの意味は……なんか可愛い！
藤島慈,UR,ファンファーレ！！！,https://wikiwiki.jp/llll_wiki/%EF%BC%BB%E3%83%95%E3%82%A1%E3%83%B3%E3%83%95%E3%82%A1%E3%83%BC%E3%83%AC%EF%BC%81%EF%BC%81%EF%BC%81%EF%BC%BD%E8%97%A4%E5%B3%B6%E6%85%88,いい、いい。筋がいいぞよ～。コツコツ練習してて偉いね、姫芽ちゃん。みんなギター弾けるようになったら、そのうち弾き語りライブとかやってみたくない？ね、とりあえず金沢駅の前とかで！どう？...学校に見つかったら怒られる？ふふっ！それがロックって、ことでしょ？,,みらくらぱーく！で『ファンファーレ！！！』！衣装もびっくりしたでしょう？さあ、私たちは拳と歌で戦う、華麗なグラディエーター！ぶっ飛ばす相手はもちろん、君たちを悩ませるもの全部だよ！退屈、不安、心配、悩み事、宿題、テスト、レポート、勉強...。その全部を倒すために、一緒に戦おうじゃあないか～！そうだよ、私たちがついてるからね。そして、最終的には、好きなものしか残らない世界にしちゃおうね！言いすぎ？まあいいじゃん！,今回の新曲『ファンファーレ！！！』は、3人で作った曲なんだけどさ、笑っちゃうよね！歌ってる最中、掛け合いで姫芽ちゃん昇天しちゃうんだよ！当然みんなに披露する前に、練習もするわけじゃん？で、私が練習で投げキッスするたびに、姫芽ちゃんはやっぱり、毎回ふらふらになってたからね！面白すぎるでしょ！姫芽ちゃんはきっと、ステージで自分が最大限に楽しむことで、みらくらぱーく！の魅力をもっと大勢に伝えようとしてくれてるんだよね。今回の歌詞は、姫芽ちゃんが考えた部分をかなり採用しててさ。きっと頑張ったんだろうね。自分の楽しいって気持ちは、ちゃんと伝えようって。まあ、なんか、楽しむの方向違くない...？と思う瞬間もたまにあるけど...るりちゃんの、戻ってこーい！の部分、だいたい本気で言ってるからね...。,対戦よろしく～！,パーンチ！,慈「ん～...まっ！！」姫芽「あぁ！...さよーならぁ...」,いくよ！私の必殺技！
藤島慈,UR,Au Bord du Lac,https://wikiwiki.jp/llll_wiki/%EF%BC%BBAu%20Bord%20du%20Lac%EF%BC%BD%E8%97%A4%E5%B3%B6%E6%85%88,じゃあ綴理はー、あの一番大きく光る星で…そういえば梢から聞いたんだけど、春も夏も冬の大三角もさ、それを形作る星は、それぞれ別々の星と星座を作ってるんだって。蓮ノ大三角がスリーズブーケ、DOLLCHESTRA、みらくらぱーく！って星座を描いてるみたいに。なのにちゃんと繋がってるって、なんかいい話だよね。,,今日のめぐちゃんはぁー、ちょっぴりエレガント。どお？こういうのも似合うでしょ？私ってば、なんでも似合っちゃうからねー。アフタヌーンティーの準備は、るりちゃんと二人でやったんだよ。るりちゃんにケーキ買ってきてもらってー、紅茶は…梢に水筒に入れてもらったのを持ってきて………ポットに注ぎなおしたのは私だから！つまり私が淹れたようなもんだね！普段とは違う、優雅なひと時だけど、みらくらぱーく！はなんでもアリのユニットだからね。たまにはこういうギャップも見せて、もっとドキドキしてもらわなきゃ！,昔からどんな服でも似合ってためぐちゃんだから、もちろん可愛い服だって着こなしちゃってたわけ。そしたら、毎回みんなに可愛いー！って褒められて、そんなのもっと可愛くなっちゃうじゃん？はあー、ほんとにめぐちゃんってば、罪な女の子。で、急に話変わるけどさ、なんかね、物心ついたときからうちの隣の家に女の子が住んでたんだけどさ、私、最初は姉妹かなって思ってたの。だって、一人はすんごい可愛い服着たお人形さんみたいな子で、もう一人はTシャツ短パンの男の子みたいな恰好してて。思わないよね、同一人物だって。後から知ってびっくりだよ。そのうち仲良くなって一緒に遊ぶようになっても、あんまり可愛い恰好はしてくれなくって。そういうのはめぐちゃん担当！とか言われて。いや担当とかないし。つまり、何が言いたいかっていうとね、君たち、もっともっとるりちゃんに可愛い！って言ってやって！そしてその気にさせるんだよ！可愛いの数だけ、女の子は可愛くなるんだから！大成功例がここにいるでしょ？,描こうか、私たちの星座を！,たまにはエレガントに。,,みらくらティータイムへ、ようこそ！
藤島慈,UR,ツバサ・ラ・リベルテ,https://wikiwiki.jp/llll_wiki/%EF%BC%BB%E3%83%84%E3%83%90%E3%82%B5%E3%83%BB%E3%83%A9%E3%83%BB%E3%83%AA%E3%83%99%E3%83%AB%E3%83%86%EF%BC%BD%E8%97%A4%E5%B3%B6%E6%85%88,私は自分が善人じゃないって知ってるわけ。綴理は何かと「めぐは良い人だ」「めぐはやさしい」言うけどさ、そんなことないっつーの。気分屋で、わがままで、自分勝手。それが私。だから、綴理の目に映る私がきれいなのは、そんなの、綴理の心がきれいなんだよ。あんたは本当に、そのままでいなさいよね。いつまでも、さ。,,みんなー、11月度Fes×LIVE、『ツバサ・ラ・リベルテ』はどうだったかな？私も楽しかったよー。何より、綴理がうれしそうで良かったかな。私は、言いたいことをなんでも言っちゃうから、むかついたときはむかつくっーて言うし、でも、綴理はそうじゃないんだよね。何ていうのかな、あの子は、殻のない卵みたいで、すーぐ落ち込んだり、気にしたりしちゃうから。うーわめんどくさ、って思うこともそりゃあるけど、でも、友達だから。あの子はいつも、ニコニコしてる方がいいよ！絶対に。,ところで、ここで告発します！去年いた先輩、大賀美沙知って女は、嘘つきなんですよー！あいつは、平気じゃなさそうな時に、平気平気ーって言うし、本当にヤバい時には、何も言わずすっと消えちまうんですよ！終いにはね「あたしには作詞も作曲もできないから」とか、ずーっと言ってやがったんですよー！おかげで去年の私は、ほぼほぼ伝統曲ばっかり！そりゃ奥歯を噛み締めながら、梢に頭を下げて作曲を教えてもらうってもんですよ。全く……本当に、なんつー先輩。おい、大賀美沙知！配信聞いてんだろ！聞いてるんだったら、今から言う事よーく聞くんだよ！次会った時、私にも、綴理に言ったことと同じことを言え！あと、愛してるって言え！それが言えたら、許してあげる。勝手にスクールアイドルクラブ、やめたこと。沙知先輩、かわいい後輩が、待ってるからね。,天使の翼で、羽ばたくよ！,次のステージへ！,,私たちの輝きが、ほら、見える？
藤島慈,UR,蓮ノ空歌留多,https://wikiwiki.jp/llll_wiki/%EF%BC%BB%E8%93%AE%E3%83%8E%E7%A9%BA%E6%AD%8C%E7%95%99%E5%A4%9A%EF%BC%BD%E8%97%A4%E5%B3%B6%E6%85%88,あ、キミも来たんだ。寒いでしょ？あったまってこ？ふふっ、どうかしら、お着物姿の藤島さんは？そうなのよね～、わたくし、お上品な装いも似合ってしまいますの～。はあ～、困りましたわね～。,,というわけで！あっけおめ～！今年もよろめぐだよ～。いやー去年はね、色々あったけどね、良いことも悪いことも、悪いことも悪いことも…。いやいやいや、おおむね良い一年だったってことにしとこ。うん！今年はめちゃくちゃやっていくからね。楽しいことしかない一年にしてやるんだから、覚悟しててよね？ね、にゃ～ん☆,ねえねえ、めぐ党さ～ん！めぐちゃんね、欲しいものがあるの。なんだと思う？ふふふっ、お・と・し・だ・ま。えぇ～！？めぐちゃんにお年玉くれないの～！？ちょうだーい？頂戴頂戴頂戴～？お年玉、ちょうだ～い？えぇ～、違うよぉ。別にお金が欲しいわけじゃないの。私が欲しいお年玉はね、愛情たっぷりのコメント。だもん！ふふっ、それじゃあ先に、私からみんなにお年玉あげちゃおっかな～。めぐ党さんのみんな、今年もいっぱい、愛してるぞ！,今年の干支はめぐちゃん！私が決めた！,ハッピーニューめぐちゃーん！,,私からのお年玉、あ・げ・る☆
藤島慈,UR,おしえて♡ティーチャー,https://wikiwiki.jp/llll_wiki/%EF%BC%BB%E3%81%8A%E3%81%97%E3%81%88%E3%81%A6%E2%99%A1%E3%83%86%E3%82%A3%E3%83%BC%E3%83%81%E3%83%A3%E3%83%BC%EF%BC%BD%E8%97%A4%E5%B3%B6%E6%85%88,口が回るなーこんなときばっかり。てゆーかさー優等生？勉強が得意なんだったら私の代わりにテスト受けてよー？本当に好きならいくらでもできるでしょ？それがいやだってことは実はたいして好きじゃないってことなんだよ！私と同じじゃん！え、なに？こんな時ばかり口が回るわね？ぐぅ、今にみてろよー！,,ふふっ、めぐちゃん先生だよ。みんなはどう？学校の勉強頑張ってる？えらいねー。でもね、めぐちゃん先生が教えるのは学校の先生が教えてくれないことだよ。まずは教科書１４ページをひらいてくださーい。そこに書いてあるのはー、そうライブでのお作法！レッスン１！ペンライトを振って！レッスン２！いっぱい笑って！レッスン３！いっぱいみらくらぱーく！との思い出を作ること！レッスン４！次のライブもまた来てね！以上を守れば人生は絶対に楽しくなります！どう？学校の先生よりためになるでしょ？,いいですかー？皆さんは勉強しか出来ないような大人になっちゃダメですからねー？たった一度の高校生活、楽しいことしているだけで時間なんてあっという間に過ぎちゃうんだから。だったらそれ以外のことに目を向けている暇なんてないんだよ？夢がある？いーじゃんいーじゃん！友達といっぱい遊びたい？最高じゃん！本当に大事なことっていうのはね、そう、結局は自分でみつけるしかないってこと！先生はみんなのこと応援しているからね。なんだってやっちゃえ！口うるさい教師に負けるなー！先生がついてるぞー！ふれー♡ふれー♡めぐ党さん♡…ふー、さすがにこれは圧勝かな？これが理想の先生！の企画！ごめんねー梢。あんたに恨みはないけど、や、多少はあるかもだけどー。所詮あんたは敵じゃなかったよ！ふふっ。あー、梢に勝つのは気持ちいーなー！！,先生と一緒に遊ぼ？,勉強なんてぽーい。,,悪いことも教えちゃうぞ？
藤島慈,UR,みらくりえーしょん,https://wikiwiki.jp/llll_wiki/%EF%BC%BB%E3%81%BF%E3%82%89%E3%81%8F%E3%82%8A%E3%81%88%E3%83%BC%E3%81%97%E3%82%87%E3%82%93%EF%BC%BD%E8%97%A4%E5%B3%B6%E6%85%88,はい、ポーズ！ がおー！見て見てー！ はい、かわいい。あざとー。皆さんよく似合ってますねー。ほらほら、次は吟子ちゃん真ん中で撮ろう？…え、恥ずかしいー？ 何言ってるの、かわいいの探求は、スクールアイドルとしての使命だよ！ 梢だってほら、あんなに。ぷぷぷ。……ごめん、何でもない！ よーし、だったら慣れるためにー、吟子ちゃん撮影会、あと300枚くらい、いっちゃいますか！,,みらくら、みらくりえーしょん！というわけで、104期撫子祭の教室ミニライブは『みらくりえーしょん』でお届けしましたー！私もね、ただ補習してただけじゃないんだよ。どんな時だって、曲は生まれるもんだ！ノートがあれば歌詞も書ける。姫芽ちゃんを加えて、3人になったみらくらぱーく！は、ぶつかりあって強くなっていくんだから！……まぁ雨降ってなんとやらじゃないけど、よかったよ！るりちゃんや姫芽ちゃんが仲良くなれてさ。やるじゃん！それでこそ私の見込んだ姫芽ちゃん！,んー、別にね、私が卒業した後のことまで考えて姫芽ちゃんを勧誘したわけじゃないんだよ。そりゃ、ゼロってわけでもないけど……。……でも私は今のみらぱ！を史上最強にしたかっただけ。それがいちばん、みんなのためになるって思ってるから。るりちゃんが姫芽ちゃんに、なんとなく遠慮してたのもわかってはいたけどね……。るりちゃんは昔から、最初はなんでもそうだもん。だけど私は結局信じてたんだよ。スクールアイドルにかけるるりちゃんの情熱と、今までるりちゃんがくれた言葉を。信じてほしいんだ、るりちゃんにも、るりちゃんのことを。なんだってできるんだー、って。ううん、できるに決まってるよ！だって、私たちのるりちゃんなんだから☆,見せてあ・げ・る♡,バンバン！,,UR藤島慈、だよ！
藤島慈,SR,Trick & Cute,https://wikiwiki.jp/llll_wiki/%EF%BC%BBTrick%20%EF%BC%86%20Cute%EF%BC%BD%E8%97%A4%E5%B3%B6%E6%85%88,……まあ、なんつーか、食べるよ！食べるけどね！ていうか、ちょっかい出すなら1年生じゃなくて、私たちにすればいいのにさ！よりによって梢もいない、おまけに竜胆祭ってタイミングで。モヤモヤするなあ。あーもう綴理、例の曲づくりやるよ！はい手伝って！,,というわけで、完成したんだよ、新曲『Trick & Cute』！プリティーとラブリーで変身する女の子の可愛さをたっぷり詰め込んでみたハロウィンソング！みんなは気に入ってくれたかな？作詞のメインは私がやったんだけど、作曲は二年生皆で力を合わせました！え？梢や綴理はともかく、めぐちゃん作曲出来るのかって？そりゃあ、めぐちゃんなんだから出来るに決まってるやろがい！本格的に勉強始めたのは蓮ノ空に入ってからだけどさ。,で、みんなはどう？竜胆祭、楽しかった？そ？うんうん。それならよし！私も楽しかったよ。それがさあ、面白いんだよね。いつものミーティングで私がこういう曲やりたくってーって話をしたら、みんなすっごいノリノリでさー？綴理は翌日に鼻歌で曲作ってくるし、梢なんて熱でダウンしてるのにギター弾こうとして花帆ちゃんに叱られたりして。ウケる！一年生もね、歌詞見せて「どう？」って聞いたら、みんなちゃんと考えてきてくれるの。いやー、なんだかんだしっかり真面目だよねえ、あの子たち。なんか色々忙しかっただろうに…。いやー、うん、これで、竜胆祭のリベンジは果たした、かな。…ああ、いや、こっちの話！気にしない気にしない…。みんなは可愛い子ちゃんが可愛い衣装着て歌う可愛い歌『Trick & Cute』のこと、いーっぱい愛してよね！,トリック・オア・キュート！,恋しちゃう？,,あなたのハートも、独占しちゃうぞ♡
藤島慈,SR,Link to the FUTURE,https://wikiwiki.jp/llll_wiki/%EF%BC%BBLink%20to%20the%20FUTURE%EF%BC%BD%E8%97%A4%E5%B3%B6%E6%85%88,うっ…うぇぇ…冬ってこんなに寒かったっけ…。ごめん、るりちゃん。ここは二人の思い出の徳光海岸じゃないよ。私こんなとこ知らない。ここじゃ、私はかわいさを保てないから…。ごめんね、るりちゃん。るりちゃんと過ごした時間、とっても楽しかったよ…。,,みらくらぱーく！のお出ましだーい！ああもう、ライブの１つや２つじゃこの気持ちは収まらないけど、今日はさっきのライブで勘弁してやろうじゃないか！まあ私はね、どうせ私とるりちゃんが一番すごいって分かってるから、スリーズブーケとDOLLCHESTRAを助けるために力を貸してやろうかなーって、そういう感じ！ええ？それ以外の理由はまったくありませんけどね？逆にある？何かある？よくわかんないけど、みんなが楽しんでくれたならそれでよし！だよ！,だってしょうがないじゃ～ん！みらくらぱーく！は楽しいことが大好き！その上で花帆ちゃんのアイデアをみんなが楽しそう！って思っちゃったんだから。そしたらもう、やるっきゃないよね！まあ、あのまま突き進んでもたぶん、花帆ちゃんとかるりちゃんはすっきりしなかったと思うしさ。特にるりちゃんなんて、みらくらぱーく！が決勝に進出してたら寝込んじゃったんじゃないかなあ？もうラブライブ出ない～！とか言ってさ。結果的に花帆ちゃんのアイデアは私の相方を救ってくれたってことで、なんて言うか…一つ貸しが出来ちゃったな、みたいな。ま、私がいたからみんなここまで来れたんだろうし、お互い様か！,叶えようね、大ハッピーエンド！,ときめいちゃえ～。,,愛の結晶、受け取って！
藤島慈,SR,M's One Day,https://wikiwiki.jp/llll_wiki/%EF%BC%BBM%27s%20One%20Day%EF%BC%BD%E8%97%A4%E5%B3%B6%E6%85%88,スクールアイドルの新人さん、頑張ってね。真新しい衣装に身を包んで、どこか緊張した顔でステージに上がってさ。懐かしいよね。去年は私も周りからはこんな風に見られていたのかなぁ？,,装い新たに、めぐちゃん改め、めぐちゃんだよ！いつもお部屋とか学校で配信してばっかりだから、今日は特別に、撮影スタジオを借りてみたんだよ！ただでさえ可愛いめぐちゃんが、めぐにゃんになっちゃったにゃー！にゃーにゃー、今日はどんなお話する？それとも、一日中めぐにゃんとごろごろ…する？,にゃーん！え、そろそろ恥ずかしくなってきたかどうかって？全然！このまま猫耳つけて、あと48時間は配信続けられるね。そんなにスタジオ借りられないけど。それにね、私本当に楽しいんだよ。だって私が可愛くしていると、みんなが「かわいい」って言ってくれるんだもん。なのに照れちゃったら、私のこと好きでいてくれるみんなに、胸を張れないでしょ？だからみんなはね、私のこと、遠慮しないで推していいからね！推してくれたら……その分だけ、ううん、それ以上に、可愛い私を見せてあげるから。にゃっ！あ、え……顔が赤くなってきた？そ、それは……カメラの調子が悪いのかにゃー……,今日のお相手はめぐにゃん！,にゃにゃーん♪,,魅力爆発にゃん！
藤島慈,SR,@いっつぁどりーみんわーるど！,https://wikiwiki.jp/llll_wiki/%EF%BC%BB%40%E3%81%84%E3%81%A3%E3%81%A4%E3%81%81%E3%81%A9%E3%82%8A%E3%83%BC%E3%81%BF%E3%82%93%E3%82%8F%E3%83%BC%E3%82%8B%E3%81%A9%EF%BC%81%EF%BC%BD%E8%97%A4%E5%B3%B6%E6%85%88,それじゃあまた、次の配信で。バイめぐ～！…梢と綴理、二人とも頑張って前に進んでいる。私はここで、いつまでも配信をしていくのかな。もしるりちゃんが帰ってきたら、私は…。,,るりちゃんと描く私の未来。それってこんな感じかなあ？例えばふわふわの衣装に、例えばかわいいぬいぐるみ。例えば二人お空に浮かんで、例えば一緒におもちゃ箱をひっくり返したような大騒ぎ。きっと叶えられるよね、夢の中のカーニバル。るりちゃんとなら、どんなことだって！,いくつもの「例えば」のブロックを、階段みたいに積み上げれば、いつか星にも手が届くと思う？ふふっ。そんなの届くに決まってるじゃん。私とるりちゃんは、昔から最強のコンビだったんだよ。夢のステージなんか、目じゃないぐらい、どんなことだって叶えてみせるんだから！「人を楽しませるためには、まず私達が楽しまなくっちゃ」ってよく言うけれど、それだったら前提条件いつだって、オールクリアーだよね！だって、私達二人いたら、そんなの毎日毎秒ずっと楽しいんだもん！だからほら、みんなもしっかり、私達みらくらぱーく！の後をついてきてね。遅れたら一番美味しいとこ、見逃しちゃうかもよ？,私達の世界に、ご招待！,何が出るかな？,,一緒なら、空も飛べるはずだよ！
藤島慈,SR,世界中を夢中に,https://wikiwiki.jp/llll_wiki/%EF%BC%BB%E4%B8%96%E7%95%8C%E4%B8%AD%E3%82%92%E5%A4%A2%E4%B8%AD%E3%81%AB%EF%BC%BD%E8%97%A4%E5%B3%B6%E6%85%88,いけー！今なんだ！いけえええ！どうして、私があそこに立っていないんだろう…って、ステージで頑張るるりちゃんを見たら自然とね、足が動いてたんだ。,,今まで当たり前のように出来てたことが急に出来なくなるの。あれ？私、どうやって笑ってたっけ？…みたいなさ。そうしたら、何もかも怖くなってきちゃって、自信という自信が全部消えてっちゃうんだよね。私なんて、自信だけで生きてきたってのに。でも、まだ間に合った。あの子が、来てくれたんだ！,私、難しいことはよく分かんないけど、どうして梢や綴理じゃダメだったのか、どうしてるりちゃんじゃなきゃいけなかったのか、いっぱい考えたんだ。梢や綴理はスクールアイドルの仲間だったから、スクールアイドルとして怪我をした私にとって、それはもしかしたら苦しい思い出と一緒にあったのかもしれなくて…。でもるりちゃんは、私の大事な大事な幼馴染で、私にとってのスタートラインだから。きっとあの頃に戻れたんじゃないかなって…。分かんないけどね！ただ一つだけ言えるのは、誰が欠けていても私はステージに帰ってくることが出来なかったってことだけ。ほんとに、みんないい奴すぎ…。,スクールアイドルクラブ、愛しているぞ♡,走り出すとき…それは、今だよ！めぐちゃんダーッシュ！,,みんな、ただいまだよ！
藤島慈,SR,ゆのくにガールズ！,https://wikiwiki.jp/llll_wiki/%EF%BC%BB%E3%82%86%E3%81%AE%E3%81%8F%E3%81%AB%E3%82%AC%E3%83%BC%E3%83%AB%E3%82%BA%EF%BC%81%EF%BC%BD%E8%97%A4%E5%B3%B6%E6%85%88,えーと、加賀温泉郷と言えば……。なんとその歴史は1300年！数多くの歴史的な人物が足を運んだって言うんだから、すごいよねー。私たちのお肌もつるつるピカピカになっちゃって、歴史に名を残すような美人になっちゃうかもね！,,ま、不本意ながら、今回の作戦は、なんだかんだ上手くいったってことで。途中、露天風呂の会話をみんなに聞かれて、めちゃくちゃダサいことになっちゃったりもしたけど、それは横に置いといて…。今からは、スクールアイドル藤島慈として精一杯ライブに打ちこむ時間じゃい！ちがーう！ヤケになってるわけじゃないやい！私は、１ライブ１ライブに全力なだけ。いつもと違う舞台だからこそ、輝くめぐちゃんの魅力、見せてやるかんね！,ん、お疲れ様。温泉旅館でのライブって、なんかいいね。いろんな人たちが思い思いの楽しみ方をしてくれてるっていうか。普段のライブにちっちゃい子とか中々来れないじゃん？可愛かったな～。ていうか、見た？おじいちゃんとかおばあちゃんが、売店に売ってたペンライト振ってくれてたんだよ。私もう嬉しくなっちゃって。やっぱ、やってよかったなって。るりちゃんには色々付き合ってもらって、クラブのみんなのことも、ずいぶん振り回しちゃったけど。でも私、後悔してないからね。応援してくれる人がいてこその、私たち。今日この日じゃないと会えなかった人のために、いつだって全力で楽しいを届けなくっちゃ！ま、意外とみんな、そこんとこはちゃんと分かってたみたいですけど、ね？,終わったら温泉行こう！,ほーら、いい気分！,,のぼせてきちゃったかな？
藤島慈,SR,宇宙演舞☆うさぴょん,https://wikiwiki.jp/llll_wiki/%EF%BC%BB%E5%AE%87%E5%AE%99%E6%BC%94%E8%88%9E%E2%98%86%E3%81%86%E3%81%95%E3%81%B4%E3%82%87%E3%82%93%EF%BC%BD%E8%97%A4%E5%B3%B6%E6%85%88,テロップのフォント、もうちょっと可愛くしたいなー。動画編集の楽しいところ？うーん、やっぱり、見てくれる人のことを考えてる時かな？これってつまり、推し活動なわけ。ほら、可愛いスクールアイドルの姿を見て！見て見て見て見てー！っていう私の叫びをね、いかにみんなに届けるかの勝負なんだよ！,,ハロめぐ～！今回のめぐちゃんの衣装はー、何とー、何と何と何とー！ウサギさんの衣装だぴょん！あはっ！どう？可愛い？最高？さすがにこれは予想外？……先に他の子の衣装を見たから、知ってたー！？なんだとー！でも、めぐちゃんのを見るのは初めてでしょ？可愛いって言いなさい！一緒に言ってあげるから。ほら、せーの、めぐぴょんかわいいー！よしよし、やればできるじゃん。いい子いい子。,めぐぴょんの耳は、どうしてそんなに大きいのかなー？それはね、配信を見てくれるめぐ党さんの愛の言葉を、一つも聞き逃さず、全部受け止めてあげるためなんだよ。もちろんね、めぐぴょんは一人しかいませんので、配信の時に全てのコメントを拾うのは無理だけど、配信時間が12時間あっても足りないけど、でも、みんなの声はちゃーんと届いてるからね。いつも動画にコメントをくれる人も、ありがとう。私の作った、超かわゆい動画に、「可愛い」って言ってくれたら、それがすっごく励みになっちゃうんだよ。本当に分かってる？キミだよ、キミ。キミに言ってるんだよ。ちょっとは自覚してくれたっていいんだからね。めぐちゃんを支えてるのは、自分なんだーって。もう、一生懸命めぐちゃんを楽しませてくれないと、そのうち月に帰っちゃうんだからね！ぴょんぴょん！,推しのライブが始まるよー！,ぴょんぴょーん！,,めぐぴょんと一緒に、踊るぴょん！
藤島慈,SR,コットン=ユートピア,https://wikiwiki.jp/llll_wiki/%EF%BC%BB%E3%82%B3%E3%83%83%E3%83%88%E3%83%B3%3D%E3%83%A6%E3%83%BC%E3%83%88%E3%83%94%E3%82%A2%EF%BC%BD%E8%97%A4%E5%B3%B6%E6%85%88,おいち～♡おいちおいち～♡ハロめぐー！今日は蓮ノ空の食堂を紹介しちゃうね！メニューはかな～り充実してて毎日色んなご飯が楽しめるんだー。その中でもめぐちゃんのイチオシはこちら！じゃじゃーん、卵かけごはん♡はん～、しあわへ～♡,,もしもーし、はーい、めぐちゃんでーす。キミの大好きな藤島慈ですよー。今日はこういう感じ、どーお？めぐちゃんと寝落ち通話配信、声がいつもより近く感じる？そうだよ。キミの耳元で喋ってるの…なんちゃって！あ～、ドキドキしてるな～？このままだと眠れなくなっちゃう？うふふ、だったら朝までお喋り出来ちゃうね♪えへへ、ね、キミのこといっぱい聞かせてよ！,それじゃあ何して遊ぼっかー？んー、大好きゲームってどーお？交互に「大好きだよー」って言って先に照れた方が負け！キミはコメントで私の大好きなところを言ってね。じゃあ、私から行くね。…大好きだよ！うふふっ、どう？今の結構破壊力あったんじゃない？はい、次はキミの番。んー…お～お～お～！情熱的～！めぐちゃんをドキドキさせるなんて、やるじゃん！だったらお返し！いつも応援してくれてありがとう。大好きだぞ♡どう？降参まだ～？ほんとにー？じゃあほらほら、言って言って！あ、あ～、そんなにめぐちゃんのこと大好きなんだ～。えへへ、嬉しい♪ 顔赤くなっちゃった。めぐちゃんの負け。勝ったキミには…これからずーっと一番近くでめぐちゃんを応援する権利をあげよう！ずっと目を離さないでね！だーい好き♡,ライブの後は、夢の中で会おうね！,えへへ、楽しいねー！,,大好きなキミのために、頑張る！
藤島慈,SR,節分 -艶-,https://wikiwiki.jp/llll_wiki/%EF%BC%BB%E7%AF%80%E5%88%86%20-%E8%89%B6-%EF%BC%BD%E8%97%A4%E5%B3%B6%E6%85%88,みらくらぱーく！解散だ～！ふんだ、るりちゃんのことなんてもう知らないし！これからは一人で髪乾かせばいいじゃん！お膝だって貸してあげないんだからね！,,気を取り直して…。藤島慈、しっとりと和の姿でお目見えですわ。せっかくだからね、2024年は、大人の魅力で攻めてみようかなって思ってさ。なんせ、もうすぐ3年生になるわけだからね。こちとら最上級生のお姉様、ですのよ。つまりー、うふふっ、蓮ノ空で最強の存在ってこと。めぐ党さんのみんなー、お待たせだよ。一緒に天下、取っちゃおうね。,なんかさ、全然そんなつもりはないんだけど、私が椿の花を持ってるとちょっぴり匂わせっぽくない？梢様へのメッセージですか～？的な。違う違う、お花を勝手に私物化しないの！でも、メンバーイメージのついたものって面白いね。私も確かに、花帆ちゃんが食堂でネギトロ丼食べてたらつい絡みに行きたくなっちゃうもん。おー、めぐちゃんの真似っこー？って。この一年、みんな配信頑張ってきたもんね。いい意味でキャラ立ってきたなー。私も負けないように、新たな武器を手に入れなくっちゃ。手始めに…大人の魅力、味わってみる？,大人のめぐちゃん、登場だよ？,あらあら、すてきね？,,新しい魅力、教えてあげる。
藤島慈,SR,yours ever,https://wikiwiki.jp/llll_wiki/%EF%BC%BByours%20ever%EF%BC%BD%E8%97%A4%E5%B3%B6%E6%85%88,この靴ね、私のオキニ！昔ね、同じメーカーのを、るりちゃんがくれたんだよ！それで、今も使い続けてて。……え？いやいや、重いとかじゃなくて。履き心地が気に入っているだけだってばー！,,んふふ…ね、コスモスの花言葉、知ってる？私？知らないよー。後で花帆ちゃんに聞いて？あ、それかー、今決めてもらっちゃおうかな？簡単だよ。私を熱く見つめながら心に浮かんだ言葉をただ口に出すだけ。可愛い？綺麗？完璧？最強？うーん、全部似合うからめぐちゃん迷っちゃうなー。,よーし、今日の撮影もおーしまい！最強可愛く無敵にカッコイイめぐちゃんなのでした！んふふ…。私、復帰してからますます絶好調みたいだよー。どんどん可愛さにも磨きがかかってると思わない？その秘訣はねー、ドゥルルルルルル…ダン！大沢瑠璃乃ちゃーん！隣にるりちゃんがいて、私のやることで笑ってくれたり喜んでくれる度に、「やるぞー、おー！」って気持ちになってくるの。なんかねえ、あるでしょ！？これ、やんなきゃいけないんだけど、ちょいメンドイなあ…みたいなとき。そう、疲れて帰ってきてお風呂に入るときとか！そんなときー、るりちゃんがいれば～？そう！完璧で可愛い私を見せたくて妥協が出来ないんだよ～！昔からね、私、そんなのばーっかり。でも、私に靴をくれたのはるりちゃんなんだからね。っちゅーわけで、るりちゃん、帰りに抹茶ドーナツ食べて帰ろうぜ！,幼馴染パワー、見せてあげる！,るりめぐアピール！,,るりちゃんの隣は、ずーっと私だからね！
藤島慈,SR,プチパティシエール,https://wikiwiki.jp/llll_wiki/%EF%BC%BB%E3%83%97%E3%83%81%E3%83%91%E3%83%86%E3%82%A3%E3%82%B7%E3%82%A8%E3%83%BC%E3%83%AB%EF%BC%BD%E8%97%A4%E5%B3%B6%E6%85%88,それじゃあ、レッツクッキ～ング！…と言っても、買ってきたスポンジケーキにデコレーションするだけなんだけどね。いいでしょ？世の中の女子は市販のチョコを溶かして固めるだけで、手作りチョコ～とか言ってるんだから。だからこれも、手作りケーキだよ☆,,というわけで、かんせーい！わーお！ぱちぱちぱちぱち。めぐちゃんの、愛情たっぷり手作りケーキだよ！今回の衣装のポイントはぁ～、甘めで可愛ゆい、たくさんのリボンかな！イチゴの柄もいいでしょ？それにほら、裾はホイップクリームみたいになってるんだよ！もちろん、るりちゃんともお揃いでーす。どおどお？可愛すぎてほっぺたが落ちちゃう？だよねだよね～。それじゃみんな、とびきりキュートなプリンセス、藤島慈を召し上がれ！,最近はさ、るりちゃんも可愛い衣装に慣れてきたのか、割とすんなり着てくれるようになったんだ。前は「ルリが着ても可愛くにゃーですよぉ…」とかもにょもにょしてたのに。やっぱ、何度も言うって大事なんだよ。ハリちゃんもお手をやってくれるまで時間かかったからねー。ん？ああ、ハリちゃんは私の飼ってる犬だよ。ハリノっていうの。てか、そう！こないだるりちゃんと一緒に実家に帰ったんだけどさ、なんか私の見てない所で、ハリちゃんにお伺い立ててたの！「あのー、めぐちゃんの隣、もともとルリのなんですよ…。なので、返却とまでは言いませんが、シェアする方向でどうでしょうか…？」って！えぇ～？ワンちゃんにも強く出れないるりちゃん、可愛すぎ～？,世界中を、スイーツで夢中に！,はい、あーん♡,,藤島慈の、お味はいかが？
藤島慈,SR,ミルク,https://wikiwiki.jp/llll_wiki/%EF%BC%BB%E3%83%9F%E3%83%AB%E3%82%AF%EF%BC%BD%E8%97%A4%E5%B3%B6%E6%85%88,あーれー？沙知先輩腕前落ちたんじゃなーい？違うかぁ。私が手馴れて、上手になり過ぎちゃったかぁ。お？「それなら本気を見せちゃう」？おーおー、いいよいいよー、やってみなー？…って、うわ、速っ…！えぐ…。わ、私だって負けねーし！,,ちゅ☆ラブめぐー！ねーねー、みんなー…あのね、こういうタイミングだから、めぐ党さんの皆には普段は言えないようなことを言っちゃおうかなーって思ったんだけどさ…。でも私、皆に言えないことって基本ないんだよね。「ありがと」も「大好き」も言ってるし、「愛してる」ってしょっちゅう言ってるし。なんだろう…「美味しいもの送って！」とか？…こらこら！冗談だから「宛先教えてー」とか言うんじゃないの！,"えー？どうしよっかなー？それじゃあ、たまには普通に感謝とかしてみる？えー、めぐ党さんの皆、いつも私の配信に遊びに来てくれて、ありがとうございます。いつも私""だけ""に愛を注いで、私""だけ""を褒めてくれて、私のこと""だけ""考えてくれて、ありがとうございます！え？スクールアイドルクラブ箱推し？ぶー！駄目です。今は皆さん単推しです！ルリちゃん推しだけは、許す。…ま、私がスクールアイドルを続けられているのは、応援してくれている皆のおかげだから。ほんとに、ありがとね？私について来てくれる限り、私は皆を全力で楽しませて、最高の夢を見せてあげるからさ！藤島慈の手をギュッと握って離さないでよね！行こうね？一緒に。この世界のてっぺんへ！",愛してるんだよ、皆！,ちゅ☆ラブめぐ！,,最強のスクールアイドルに、なるからね！
藤島慈,SR,H.S.C.T.☆,https://wikiwiki.jp/llll_wiki/%EF%BC%BBH.S.C.T.%E2%98%86%EF%BC%BD%E8%97%A4%E5%B3%B6%E6%85%88,紅組、藤島慈！出陣だー！体育祭って言ってもね、私学校行事とかあんまガチでやる系じゃないんだよねー。だって疲れちゃうじゃん。...え、何？紅組負けそう？ちょっとちょっと何やってんのアンタ達！もう、しょうがないなー、ここはめぐちゃんに任せろー！,,さあ、かわいいかわいいスクールアイドルチアガールのお時間だよ！聞こえるでしょ、この黄色い歓声！めぐちゃんのウィンク飛ばすたびに、蓮ノ空の生徒みーんなめぐ党さんになっちゃうんだから！よかったらみんな、ライブや配信にも遊びに来てね！新一年生さんも大歓迎だよ！お姉さんと楽しい時間、作ろうね！...とちゃっかり宣伝もしたところで...いっくよー！せーの！レッツゴー、レッツゴー、蓮ノ空！ゴー・ファイト・ウィン！蓮ノ空！いぇーい！,体育祭も、これにて終了！お疲れ様でしたー！たまにはガチになるのも結楽しかったよ。よく勘違いされるんだけど、めぐちゃん別に勝負事の結果については割とどうでもいいんだよねー。勝ち負けに拘るのは、うちの姫芽ちゃんのほう。私は最終的に楽しければなんでもよくて、もちろん勝ったほうが楽しければ勝ちを目指すし、どっちかと言うと、今この瞬間が楽しい方が大事かな！だから、チアガールの衣装脱いだ後は、楽しい楽しい練習のお時間！今日もみらくらぱーく！は世界中を夢中にしちゃうよー！今日の体育祭で3万人はめぐ党さんを増やしちゃったからね。世界まで後少しだもん！,フレ、フレ、めぐ党！頑張れ頑張れめぐ党ー！,ねぇねぇ、私の為に頑張って！,,ゴーゴーラブリー！めーぐちゃーん！
藤島慈,SR,AURORA FLOWER,https://wikiwiki.jp/llll_wiki/%EF%BC%BBAURORA%20FLOWER%EF%BC%BD%E8%97%A4%E5%B3%B6%E6%85%88,いえーい！みてみて～、『今この瞬間を大切に』！やっぱいい曲だよね、『Dream Believers』。クラブの先輩が優勝したときの曲なんだからそりゃそうなんだけどさ。一番大切なことを歌ってるって思うんだ。だって私たち、今があって、過去から未来に繋がってるんだから。楽しみだな。ラブライブ！決勝大会。もう待ちきれないんだよ。ね、早くやろ！,,よーし、決まった！ラブライブ優勝～！……じゃなかったって！？ウソでしょ？私たち全力出し切ったのに。なんなのあの１年生？こっちは全員合わせて、ええっと……18年生なのに。あーもう、このままじゃ終われないよ！倒す！ぜーったい倒してやるんだから！そうと決めたら……よし！決勝大会見てくれたみんな、本当にありがとね。私たちまだまだ頑張るから、最後の最後まで応援よろしくー！ひとまず、めぐちゃんより特大の愛と感謝を込めて……んーまっ！,決勝大会で披露した曲『AURORA FLOWER』はね、メロディ自体は10月の前からみんなで作ってた曲なんだ。予選で『Link to the FUTURE』をやることは決めてたから、北陸大会と決勝曲をどうしよっかなーって話は、ずっとあってさ。最初はやっぱ伝統曲をやろっかって言ってたんだけど……そこに私が急遽『KEY of Like！』を完成させてやったもんだから、『AURORA FLOWER』のクオリティアップにたっぷり時間をかけられたんだよ！まあ、最初は『KEY of Like！』も作る予定なかった曲だったんだけど……結果オーライ！どの曲を何番目に持ってくるかとかも戦略だからね。決勝曲『AURORA FLOWER』は、ばっちり決まったはずだったのに……うわ～！悔しい！……ま！今回は相手が強かった、ってことで！次までに私たちがもっと強くなればいいだけ！プレーオフまであと半月！それまでみんなも、めぐちゃんのこと、いーっぱい応援してよね☆,カコ、イマ、ミライ……全部抱きしめて！,めぐ党さん、みってる～？,,今日も一番きれいな、めぐちゃんだよ。
藤島慈,R,オーロラスカイ,https://wikiwiki.jp/llll_wiki/%EF%BC%BB%E3%82%AA%E3%83%BC%E3%83%AD%E3%83%A9%E3%82%B9%E3%82%AB%E3%82%A4%EF%BC%BD%E8%97%A4%E5%B3%B6%E6%85%88,やっほー、藤島慈だよー。ハロめぐー！蓮ノ空のスクールアイドルといえば、みんなご存知藤島慈。今日も応援してくれる人のために、楽しさいっぱい届けちゃうからね！,,はーい、可愛い私のスクールアイドル衣装だよ。さすがめぐちゃん、素敵、最高、似合ってる！と、みんなの心の声がひしひしと伝わってくるね。うんうん。いいんだよ。遠慮しないで今のうちにもっと褒めてくれても。だって、ステージで踊る私は、かわいいだけじゃなくて、かっこよくなっちゃうんだからね！,さてさて、私のライブ、楽しんでくれたよね？ふっふっふ…それならよーし！私ね、ライブを見てくれている人の顔を見るのが好きなんだ。だって、どこを見ても目が合うんだよ。この瞬間はみんなが私に注目してる。視線を向けてくれる。だったら、もっともっと盛り上げなくっちゃって、どんどん元気が溢れてくるの！しかーし、私、結構負けず嫌いだからさ、今回目が合わなかった人、次回は覚悟しててね。スクールアイドルクラブのメンバーのみんなも勿論可愛いのは分かってるけど、きっと必ずいつか振振り向かせてみせるんだから！それでは、藤島慈でしたー！まったねー！,ハロめぐー！,いっくよー！,,みんなのめぐちゃんだよー！
藤島慈,R,華紺青,https://wikiwiki.jp/llll_wiki/%EF%BC%BB%E8%8F%AF%E7%B4%BA%E9%9D%92%EF%BC%BD%E8%97%A4%E5%B3%B6%E6%85%88,ごめん、おまたせ。待った？……なんちゃって。本日は大人気スクールアイドル、藤島慈のプライベートに密着取材、的な？ コーディネートのポイントは……んー、きらめく私の笑顔！とかで、どう？,,というわけで、華麗に大変身！ やっぱりめぐちゃんは衣装が一番映えるよね。もうちょっと練習したら、スペシャルなライブを見せてあげるから、それまで少ーし待っててね。歌にダンスに体力づくり、ヨガにメイクにスキンケア。やらなきゃいけないことは、いーっぱいあるんだから！,ライブお疲れ様！さ、めぐちゃんのお仕事はここから始まるんだよ。熱が残っているうちにね。今日の配信を編集しちゃうんだ！改めて動画としてアップした方が、もっとたくさんの人が見てくれるでしょ？最初のうちはね、事情があって始めた動画編集だったけど、でもやってみると、これがなかなかスクールアイドルとしても勉強になるんだよ！ほら、ここのステップ、ちょっと失敗しちゃってるから次は気をつけよう、とか。このフレーズのときはもうちょっとカメラにアピールした方が可愛いよねえ…とか。んー、やっぱり、梢や綴理は綺麗だなあ…。え？私、何か言ってた！？,ばっちり決めちゃうよ！,めぐちゃんのターン！,,かわいいでしょ？ 私たち！
藤島慈,R,レインボーシフォン,https://wikiwiki.jp/llll_wiki/%EF%BC%BB%E3%83%AC%E3%82%A4%E3%83%B3%E3%83%9C%E3%83%BC%E3%82%B7%E3%83%95%E3%82%A9%E3%83%B3%EF%BC%BD%E8%97%A4%E5%B3%B6%E6%85%88,ハロめぐー！みんなー、藤島慈だよー。ねえねえ、蓮ノ空のスクールアイドルと言えばー？そう、もちろん藤島慈！今日もめぐちゃんが、みんなにいっぱいの愛をお届けしちゃんうんだから！楽しんでいってね！,,今回のお衣装はこんな感じ。めぐちゃんによく似合ってるねぇ。まあめぐちゃんは何でも似合っちゃうんだけどね。3年生になってますます磨きをかけた美貌で、めぐ党さんのみんなを虜にしちゃうんだよ。ふっふっふっ、今のうちに降参のペンライト、用意しといたほうがいいんじゃない？,私は昔から人を楽しませるのが大好きでさ。テレビでタレント活動とかもしてたんだよ。そこそこ売れてて、レギュラー番組だって持ってたんだから。なんだけど、ちょっとした事情で全寮制の蓮ノ空に入ることになっちゃって、タレント活動も休止。どうしよっかなーって思ってたところで、スクールアイドルに出会ったの。最初は梢とか綴理とか沙知先輩とか、なんか面白そうな子がいるじゃんって軽い気持ちで始めたんだけど、いつの間にか私にとってすごく大事なものになっちゃった。それもこれもやっぱり……キミに出会えたから、かな！ふふっ、ねえドキッとした？でしょ～？,せーの、ハロめぐー！,ついてきてね！,,みんなー、愛してるよー！
藤島慈,R,室咲格子,https://wikiwiki.jp/llll_wiki/%EF%BC%BB%E5%AE%A4%E5%92%B2%E6%A0%BC%E5%AD%90%EF%BC%BD%E8%97%A4%E5%B3%B6%E6%85%88,うん、私もこれから部活だよ。お互い頑張ろうね。……なんちゃって、今回は「もしもめぐ党さんがクラスメイトだったら？」でしたー！普段とは違う練習中の私の横顔に、うっかり恋しちゃってもいいんだよ？,,はい、お衣装！はいかわいい！優勝！ねえねえ、みんなどう？こんなにかわいい子が同じクラスにいて、しかもかわいい衣装着て、ステージに立っちゃったりするんだよ？冷静に考えたらヤバくない？どうする？今からみんな蓮ノ空に転校してくる？え、それめっちゃ楽しいかも！いいよ、おいでおいで！,あっそうだ。初めましての人もいるかもだし、最初から説明するとね。めぐ党さんって言うのはめぐちゃんの応援団みたいな人たちで、全国で5000万人いるんだよ。みんなめぐちゃんのことが大々だーい好きなの！慈愛の慈と書いてめぐみと読むだけあって、めぐちゃんってほらー、愛の人だから。世界中のみんなに、もっともーっと、愛してもらいたいの。もちろん私はめぐ党さんみんなを愛してるからね。だからみんなが愛してくれたら、もう相思相愛！きゃー。というわけで、キミも今日からめぐ党さんね。はーい、ようこそー！,私のステージ、見ててね！,めぐちゃんのターン！,,めぐちゃんウィンク、ぱちっ☆
